date,TVL,TVR,Fees,PlainValue,TVL_for_TVR,TVR ratio,pre_coverage,TVL_ana,TVR_ana,thr,use_tvr_day,valid_day,active,mult_daily,log_tvl_m,log_tvr_m,category
2024-04-24 00:00:00+00:00,4.0,4.00102,,4.00102,4.00102,1.0,False,4.0,4.00102,1000000.0,True,False,False,0.999745065008423,,,Onchain Capital Allocator
2024-04-25 00:00:00+00:00,271.0,271.15515,,271.15515,271.15515,1.0,False,271.0,271.15515,1000000.0,True,False,False,0.9994278183541785,,,Onchain Capital Allocator
2024-04-26 00:00:00+00:00,274.0,274.0,,274.0,274.0,1.0,False,274.0,274.0,1000000.0,True,False,False,1.0,,,Onchain Capital Allocator
2024-04-27 00:00:00+00:00,100256.0,100256.43998,,100256.43998,100256.43998,1.0,False,100256.0,100256.43998,1000000.0,True,False,False,0.9999956114539865,,,Onchain Capital Allocator
2024-04-28 00:00:00+00:00,100216.0,100216.21081,,100216.21081,100216.21081,1.0,False,100216.0,100216.21081,1000000.0,True,False,False,0.9999978964481065,,,Onchain Capital Allocator
2024-04-29 00:00:00+00:00,100314.0,100314.96491,,100314.96491,100314.96491,1.0,False,100314.0,100314.96491,1000000.0,True,False,False,0.9999903811958578,,,Onchain Capital Allocator
2024-04-30 00:00:00+00:00,100262.0,100262.19382,,100262.19382,100262.19382,1.0,False,100262.0,100262.19382,1000000.0,True,False,False,0.9999980668685512,,,Onchain Capital Allocator
2024-05-01 00:00:00+00:00,767904.0,767904.07311,,767904.07311,767904.07311,1.0,False,767904.0,767904.07311,1000000.0,True,False,False,0.9999999047927957,,,Onchain Capital Allocator
2024-05-02 00:00:00+00:00,1154820.0,1154820.81144,23097.0,1154820.81144,1154820.81144,1.0,False,1154820.0,1154820.81144,1000000.0,True,True,False,0.9999992973455344,,,Onchain Capital Allocator
2024-05-03 00:00:00+00:00,10407115.0,10407115.92303,23538.0,10407115.92303,10407115.92303,1.0,False,10407115.0,10407115.92303,1000000.0,True,True,False,0.9999999113078006,,,Onchain Capital Allocator
2024-05-04 00:00:00+00:00,11043057.0,11043057.20978,24281.0,11043057.20978,11043057.20978,1.0,False,11043057.0,11043057.20978,1000000.0,True,True,False,0.9999999810034489,,,Onchain Capital Allocator
2024-05-05 00:00:00+00:00,11116475.0,11116475.27999,24603.0,11116475.27999,11116475.27999,1.0,False,11116475.0,11116475.27999,1000000.0,True,True,False,0.9999999748130596,,,Onchain Capital Allocator
2024-05-06 00:00:00+00:00,11767178.0,11767178.68899,26140.0,11767178.68899,11767178.68899,1.0,False,11767178.0,11767178.68899,1000000.0,True,True,True,0.9999999414481568,16.280824688381877,16.280824746933725,Onchain Capital Allocator
2024-05-07 00:00:00+00:00,12263333.0,12263333.9533,25682.0,12263333.9533,12263333.9533,1.0,False,12263333.0,12263333.9533,1000000.0,True,True,True,0.9999999222642062,16.322124311231548,16.322124388967346,Onchain Capital Allocator
2024-05-08 00:00:00+00:00,12484159.0,12484159.00374,26149.0,12484159.00374,12484159.00374,1.0,False,12484159.0,12484159.00374,1000000.0,True,True,True,0.9999999997004204,16.339971118594168,16.339971118893747,Onchain Capital Allocator
2024-05-09 00:00:00+00:00,13258239.0,13258239.00797,26240.0,13258239.00797,13258239.00797,1.0,False,13258239.0,13258239.00797,1000000.0,True,True,True,0.9999999993988644,16.400129728472706,16.40012972907384,Onchain Capital Allocator
2024-05-10 00:00:00+00:00,13555498.0,13555498.66716,26854.0,13555498.66716,13555498.66716,1.0,False,13555498.0,13555498.66716,1000000.0,True,True,True,0.9999999507830721,16.422302779450657,16.422302828667586,Onchain Capital Allocator
2024-05-11 00:00:00+00:00,22291905.0,22291905.31133,25769.0,22291905.31133,22291905.31133,1.0,False,22291905.0,22291905.31133,1000000.0,True,True,True,0.9999999860339438,16.919734166043966,16.91973418001002,Onchain Capital Allocator
2024-05-12 00:00:00+00:00,22587701.0,22587701.6811,25796.0,22587701.6811,22587701.6811,1.0,False,22587701.0,22587701.6811,1000000.0,True,True,True,0.9999999698464231,16.9329161125702,16.932916142723776,Onchain Capital Allocator
2024-05-13 00:00:00+00:00,23967755.0,23967755.56351,26481.0,23967755.56351,23967755.56351,1.0,False,23967755.0,23967755.56351,1000000.0,True,True,True,0.999999976488829,16.992219943284223,16.992219966795393,Onchain Capital Allocator
2024-05-14 00:00:00+00:00,30688323.0,24653523.523,27151.0,24653523.523,35998947.523,0.6848401194854009,False,30688323.0,24653523.523,1000000.0,True,True,True,1.244784461392302,17.23939278189667,17.020430390347258,Onchain Capital Allocator
2024-05-15 00:00:00+00:00,32703053.0,26717593.35727,26661.0,26717593.35727,37969529.95727,0.7036587860670738,False,32703053.0,26717593.35727,1000000.0,True,True,True,1.2240269010270466,17.302978995423715,17.100832833611822,Onchain Capital Allocator
2024-05-16 00:00:00+00:00,34224114.0,27969294.71124,28537.0,27969294.71124,39728356.31124,0.7040133876197362,False,34224114.0,27969294.71124,1000000.0,True,True,True,1.2236316415317536,17.348441041294567,17.146617848958893,Onchain Capital Allocator
2024-05-17 00:00:00+00:00,34455563.0,28373623.7076,27746.0,28373623.7076,39807706.3076,0.7127671081662641,False,34455563.0,28373623.7076,1000000.0,True,True,True,1.214351869718034,17.35518102279377,17.160970528892584,Onchain Capital Allocator
2024-05-18 00:00:00+00:00,35567112.0,29151212.85353,29329.0,29151212.85353,41213104.853530005,0.7073287236458509,False,35567112.0,29151212.85353,1000000.0,True,True,True,1.2200902987709852,17.386931948612645,17.18800707722043,Onchain Capital Allocator
2024-05-19 00:00:00+00:00,35761219.0,29283879.02545,29857.0,29283879.02545,41461346.22545,0.7062934924065448,False,35761219.0,29283879.02545,1000000.0,True,True,True,1.2211913240360228,17.392374596055483,17.192547718660027,Onchain Capital Allocator
2024-05-20 00:00:00+00:00,36008744.0,29620204.86091,29242.0,29620204.86091,41630705.96091,0.7114989807937078,False,36008744.0,29620204.86091,1000000.0,True,True,True,1.2156818012937176,17.399272355816542,17.20396728308352,Onchain Capital Allocator
2024-05-21 00:00:00+00:00,50217391.0,42642391.49641,34946.0,42642391.49641,56883391.49641,0.7496457291774037,False,50217391.0,42642391.49641,1000000.0,True,True,True,1.177640119087311,17.731871958930412,17.56835942199982,Onchain Capital Allocator
2024-05-22 00:00:00+00:00,58025740.0,50168280.49823,36402.0,50168280.49823,64939889.29823001,0.7725341241010921,False,58025740.0,50168280.49823,1000000.0,True,True,True,1.156622061265329,17.876397263167107,17.730893522367605,Onchain Capital Allocator
2024-05-23 00:00:00+00:00,68171308.0,60369448.41244,35570.0,60369448.41244,75036945.21244,0.8045296652405788,False,68171308.0,60369448.41244,1000000.0,True,True,True,1.1292352306129787,18.037534330480696,17.91599371394836,Onchain Capital Allocator
2024-05-24 00:00:00+00:00,70086840.0,62173040.6812,36012.0,62173040.6812,77047868.6812,0.8069404351527569,False,70086840.0,62173040.6812,1000000.0,True,True,True,1.1272866701080135,18.0652456025693,17.945432034188965,Onchain Capital Allocator
2024-05-25 00:00:00+00:00,74875355.0,64003347.10828,35221.0,64003347.10828,94738049.10997,0.6755822788158348,False,74875355.0,64003347.10828,1000000.0,True,True,True,1.1698662395472361,18.13133535562404,17.9744459385233,Onchain Capital Allocator
2024-05-26 00:00:00+00:00,75434044.0,64563660.97296,36461.0,64563660.97296,98006655.74341,0.6587681263402488,False,75434044.0,64563660.97296,1000000.0,True,True,True,1.168366893438596,18.13876924301368,17.98316228683866,Onchain Capital Allocator
2024-05-27 00:00:00+00:00,76996825.0,65800997.56217,37395.0,65800997.56217,101048297.40072,0.6511836345072465,False,76996825.0,65800997.56217,1000000.0,True,True,True,1.1701467736450648,18.15927474520159,18.002145556699926,Onchain Capital Allocator
2024-05-28 00:00:00+00:00,74272931.0,62942535.9209,38282.0,62942535.9209,99480974.68360001,0.632709280554289,False,74272931.0,62942535.9209,1000000.0,True,True,True,1.180011734724812,18.1232571229842,17.957732739874032,Onchain Capital Allocator
2024-05-29 00:00:00+00:00,74470016.0,63253664.64151,38062.0,63253664.64151,99922029.00053,0.6330302264095787,False,74470016.0,63253664.64151,1000000.0,True,True,True,1.1773233443794702,18.125907132538423,17.96266362288971,Onchain Capital Allocator
2024-05-30 00:00:00+00:00,77364538.0,66367230.98663,37831.0,66367230.98663,102774714.08663,0.6457544696323678,False,77364538.0,66367230.98663,1000000.0,True,True,True,1.1657038699653668,18.164039068195454,18.010713983393398,Onchain Capital Allocator
2024-05-31 00:00:00+00:00,74050678.0,63130006.55219,37808.0,63130006.55219,99282479.35218999,0.6358625103251662,False,74050678.0,63130006.55219,1000000.0,True,True,True,1.1729870159094917,18.120260254611857,17.96070675413265,Onchain Capital Allocator
2024-06-01 00:00:00+00:00,74799026.0,63791694.2449,38131.0,63791694.2449,100242401.6449,0.6363743605313502,False,74799026.0,63791694.2449,1000000.0,True,True,True,1.1725511743400672,18.130315421469554,17.9711335555911,Onchain Capital Allocator
2024-06-02 00:00:00+00:00,72578409.0,61490661.34346,38323.0,61490661.34346,98391998.12107,0.624955916311371,False,72578409.0,61490661.34346,1000000.0,True,True,True,1.180315960412406,18.100178038869643,17.93439587317284,Onchain Capital Allocator
2024-06-03 00:00:00+00:00,72571506.0,61542446.55103,38157.0,61542446.55103,98053709.45103,0.6276401667574396,False,72571506.0,61542446.55103,1000000.0,True,True,True,1.1792106110020322,18.100082923416007,17.935237682528292,Onchain Capital Allocator
2024-06-04 00:00:00+00:00,70237258.0,59263073.84761,38182.0,59263073.84761,95599573.88111,0.6199093933338137,False,70237258.0,59263073.84761,1000000.0,True,True,True,1.1851774374817141,18.067389468943727,17.8974969692945,Onchain Capital Allocator
2024-06-05 00:00:00+00:00,69990285.0,58914104.06726,39986.0,58914104.06726,95613914.65509999,0.6161666351574023,False,69990285.0,58914104.06726,1000000.0,True,True,True,1.1880055906493079,18.06386700466772,17.891591077804577,Onchain Capital Allocator
2024-06-06 00:00:00+00:00,70773322.0,59576146.88425,40801.0,59576146.88425,96647568.90656,0.6164267509082294,False,70773322.0,59576146.88425,1000000.0,True,True,True,1.187947285975122,18.074992679744405,17.902765831863235,Onchain Capital Allocator
2024-06-07 00:00:00+00:00,71013230.0,59930487.7655,40307.0,59930487.7655,96615613.18942,0.6202981670054003,False,71013230.0,59930487.7655,1000000.0,True,True,True,1.1849266149453896,18.078376755674984,17.908695911321654,Onchain Capital Allocator
2024-06-08 00:00:00+00:00,63301918.0,52567819.09014,38677.0,52567819.09014,88105062.93494,0.5966492428358856,False,63301918.0,52567819.09014,1000000.0,True,True,True,1.2041952490259076,17.963426186813344,17.777614686109313,Onchain Capital Allocator
2024-06-09 00:00:00+00:00,63485102.0,52795561.96268,38806.0,52795561.96268,88182760.30653,0.5987061618298021,False,63485102.0,52795561.96268,1000000.0,True,True,True,1.2024704281938736,17.96631582216348,17.781937691406654,Onchain Capital Allocator
2024-06-10 00:00:00+00:00,58175292.0,47375377.98018,39108.0,47375377.98018,83130649.35066,0.5698906281886739,False,58175292.0,47375377.98018,1000000.0,True,True,True,1.2279647040354644,17.878971286478237,17.673613199808493,Onchain Capital Allocator
2024-06-11 00:00:00+00:00,58630904.0,47934437.93483,38881.0,47934437.93483,83329016.39254001,0.575243054700467,False,58630904.0,47934437.93483,1000000.0,True,True,True,1.2231478353769902,17.886772487549145,17.685344758855074,Onchain Capital Allocator
2024-06-12 00:00:00+00:00,58091926.0,47915544.44222,37058.0,47915544.44222,81620421.11017,0.5870533843184211,False,58091926.0,47915544.44222,1000000.0,True,True,True,1.2123816326464036,17.87753724486753,17.684950528363085,Onchain Capital Allocator
2024-06-13 00:00:00+00:00,58266479.0,47907669.05954,38045.0,47907669.05954,82193771.82334,0.5828625210497518,False,58266479.0,47907669.05954,1000000.0,True,True,True,1.2162244614236186,17.880537511688615,17.684786155192747,Onchain Capital Allocator
2024-06-14 00:00:00+00:00,58028113.0,47901809.75466,36880.0,47901809.75466,81408930.5609,0.588409765668471,False,58028113.0,47901809.75466,1000000.0,True,True,True,1.2113970911997722,17.876438157974803,17.68466384360187,Onchain Capital Allocator
2024-06-15 00:00:00+00:00,59158022.0,48977736.81447,36424.0,48977736.81447,82665675.45596,0.5924797268554686,False,59158022.0,48977736.81447,1000000.0,True,True,True,1.2078553613878364,17.895722760494706,17.706876402101233,Onchain Capital Allocator
2024-06-16 00:00:00+00:00,60007112.0,49191197.19378,37414.0,49191197.19378,83964510.09009,0.5858570143623792,False,60007112.0,49191197.19378,1000000.0,True,True,True,1.2198750065710462,17.90997364649519,17.711225246629045,Onchain Capital Allocator
2024-06-17 00:00:00+00:00,60633333.0,49700008.84146,2891.0,49700008.84146,84835338.62349999,0.5858408730120014,False,60633333.0,49700008.84146,1000000.0,True,True,True,1.2199863624454603,17.920355349322715,17.72151566896342,Onchain Capital Allocator
2024-06-18 00:00:00+00:00,62322215.0,49539730.90612,5874.0,49539730.90612,85999003.42262,0.5760500579602037,False,62322215.0,49539730.90612,1000000.0,True,True,True,1.258024899612462,17.947828501257156,17.71828555016011,Onchain Capital Allocator
2024-06-19 00:00:00+00:00,65622046.0,49542581.56081,7912.0,49542581.56081,88965851.75268,0.5568718849400279,False,65622046.0,49542581.56081,1000000.0,True,True,True,1.32455846935335,17.9994222645296,17.718343091301808,Onchain Capital Allocator
2024-06-20 00:00:00+00:00,80423973.0,49799361.63422,8154.0,49799361.63422,104781699.76441999,0.47526773994107346,False,80423973.0,49799361.63422,1000000.0,True,True,True,1.6149599183764651,18.202822861346657,17.723512723322763,Onchain Capital Allocator
2024-06-21 00:00:00+00:00,80127696.0,49689902.3867,8189.0,49689902.3867,106651254.99523997,0.4659101516331687,False,80127696.0,49689902.3867,1000000.0,True,True,True,1.6125549085692505,18.19913212006494,17.72131229913101,Onchain Capital Allocator
2024-06-22 00:00:00+00:00,96854551.0,50244025.33785,9067.0,50244025.33785,125851670.29596,0.39923208980614455,False,96854551.0,50244025.33785,1000000.0,True,True,True,1.927682950335534,18.388720936904292,17.73240219908519,Onchain Capital Allocator
2024-06-23 00:00:00+00:00,132715494.0,50344535.14041,12773.0,50344535.14041,164360035.34486,0.3063064268316636,False,132715494.0,50344535.14041,1000000.0,True,True,True,2.636144988326119,18.703718252094703,17.73440063380844,Onchain Capital Allocator
2024-06-24 00:00:00+00:00,130967661.0,50391006.20047,12703.0,50391006.20047,163722468.01874,0.3077830844493631,False,130967661.0,50391006.20047,1000000.0,True,True,True,2.5990284948661824,18.69046098809442,17.735323268714414,Onchain Capital Allocator
2024-06-25 00:00:00+00:00,182386505.0,52427109.08789,14167.0,52427109.08789,216938284.02955,0.2416683128218563,False,182386505.0,52427109.08789,1000000.0,True,True,True,3.4788587082732927,19.02163864712181,17.774934364517947,Onchain Capital Allocator
2024-06-26 00:00:00+00:00,252695284.0,52569168.26226,17364.0,52569168.26226,290472788.67683,0.1809779446182363,False,252695284.0,52569168.26226,1000000.0,True,True,True,4.8069104449083095,19.34769490973869,17.77764035114222,Onchain Capital Allocator
2024-06-27 00:00:00+00:00,699602263.0,52985962.31529,30135.0,52985962.31529,743471381.62938,0.07126832804131183,False,699602263.0,52985962.31529,1000000.0,True,True,True,13.20353981375399,20.366022535809037,17.78553757445861,Onchain Capital Allocator
2024-06-28 00:00:00+00:00,715482105.0,53754054.27924,31955.0,53754054.27924,762754590.15689,0.07047359002871867,False,715482105.0,53754054.27924,1000000.0,True,True,True,13.310291002111848,20.388467146165834,17.79992965057844,Onchain Capital Allocator
2024-06-29 00:00:00+00:00,702041603.0,54072641.81391,38348.0,54072641.81391,749815018.1007301,0.0721146422898746,False,702041603.0,54072641.81391,1000000.0,True,True,True,12.983305040209858,20.369503223766834,17.805838919308506,Onchain Capital Allocator
2024-06-30 00:00:00+00:00,730932084.0,54697300.01888,33505.0,54697300.01888,780080945.51622,0.07011746708244997,False,730932084.0,54697300.01888,1000000.0,True,True,True,13.363220556548539,20.409831105053073,17.81732490637288,Onchain Capital Allocator
2024-07-01 00:00:00+00:00,743571069.0,55268718.91275,35380.0,55268718.91275,794283659.10728,0.06958309953759872,False,743571069.0,55268718.91275,1000000.0,True,True,True,13.453741711904685,20.426974906384427,17.82771764483175,Onchain Capital Allocator
2024-07-02 00:00:00+00:00,749955724.0,55810438.48896,38812.0,55810438.48896,801087710.27347,0.06966832442093987,False,749955724.0,55810438.48896,1000000.0,True,True,True,13.437552979418905,20.435524728085348,17.83747147955081,Onchain Capital Allocator
2024-07-03 00:00:00+00:00,762283727.0,56640358.37995,39669.0,56640358.37995,819768103.2402799,0.06909314738652171,False,762283727.0,56640358.37995,1000000.0,True,True,True,13.45831397969825,20.451829389492026,17.852232334659348,Onchain Capital Allocator
2024-07-04 00:00:00+00:00,737816538.0,56423371.35369,40896.0,56423371.35369,794128579.73504,0.07105067465587951,False,737816538.0,56423371.35369,1000000.0,True,True,True,13.07643482299198,20.419205758164328,17.848394016337966,Onchain Capital Allocator
2024-07-05 00:00:00+00:00,690904489.0,57948623.57746,40760.0,57948623.57746,746460944.68936,0.0776311526942315,False,690904489.0,57948623.57746,1000000.0,True,True,True,11.922707501006768,20.35351215076025,17.875067375569074,Onchain Capital Allocator
2024-07-06 00:00:00+00:00,671259983.0,57560148.49717,43627.0,57560148.49717,724903821.0139,0.0794038420388824,False,671259983.0,57560148.49717,1000000.0,True,True,True,11.661887617141973,20.324667075930016,17.868341019847556,Onchain Capital Allocator
2024-07-07 00:00:00+00:00,680450771.0,57693956.52533,38408.0,57693956.52533,736687894.6296899,0.07831533129009939,False,680450771.0,57693956.52533,1000000.0,True,True,True,11.794142956745468,20.33826603504366,17.870662986397086,Onchain Capital Allocator
2024-07-08 00:00:00+00:00,650019218.0,60782094.58602,36276.0,60782094.58602,705783723.09039,0.0861200005008271,False,650019218.0,60782094.58602,1000000.0,True,True,True,10.69425498458399,20.292512486570732,17.922805806623195,Onchain Capital Allocator
2024-07-09 00:00:00+00:00,650101069.0,60502955.06183,38346.0,60502955.06183,708566157.8527,0.08538787012518827,False,650101069.0,60502955.06183,1000000.0,True,True,True,10.744947388695973,20.29263839953575,17.918202765805432,Onchain Capital Allocator
2024-07-10 00:00:00+00:00,661983639.0,60124165.58779,40558.0,60124165.58779,721559797.04291,0.08332527093969248,False,661983639.0,60124165.58779,1000000.0,True,True,True,11.010275694111845,20.310751399094364,17.911922408336146,Onchain Capital Allocator
2024-07-11 00:00:00+00:00,652488233.0,58561357.77951,41959.0,58561357.77951,713382340.5319101,0.08208972167133496,False,652488233.0,58561357.77951,1000000.0,True,True,True,11.141958754725096,20.29630366328204,17.88558561347405,Onchain Capital Allocator
2024-07-12 00:00:00+00:00,648031469.0,58566527.75697,41482.0,58566527.75697,709412067.54393,0.08255643008686668,False,648031469.0,58566527.75697,1000000.0,True,True,True,11.064877735096355,20.289449816408997,17.885673892664606,Onchain Capital Allocator
2024-07-13 00:00:00+00:00,640993735.0,57346371.21786,42059.0,57346371.21786,703333257.1999401,0.08153513378019868,False,640993735.0,57346371.21786,1000000.0,True,True,True,11.177581447391887,20.27853024104623,17.8646201252197,Onchain Capital Allocator
2024-07-14 00:00:00+00:00,641033584.0,55638909.61375,41448.0,55638909.61375,705037172.1428,0.07891627819374147,False,641033584.0,55638909.61375,1000000.0,True,True,True,11.521318236646065,20.278592406648198,17.83439332766268,Onchain Capital Allocator
2024-07-15 00:00:00+00:00,653328946.0,55580348.54177,42497.0,55580348.54177,720160009.7693199,0.07717777686596812,False,653328946.0,55580348.54177,1000000.0,True,True,True,11.754675224985451,20.297591306192057,17.833340253251592,Onchain Capital Allocator
2024-07-16 00:00:00+00:00,708371891.0,55802391.24294,45885.0,55802391.24294,779382364.7435799,0.07159822157548974,False,708371891.0,55802391.24294,1000000.0,True,True,True,12.694292757384687,20.378479783526128,17.83732728024947,Onchain Capital Allocator
2024-07-17 00:00:00+00:00,685920062.0,55836863.40351,46719.0,55836863.40351,757342939.2746899,0.07372731758347832,False,685920062.0,55836863.40351,1000000.0,True,True,True,12.284358758534454,20.346271651203487,17.837944843700154,Onchain Capital Allocator
2024-07-18 00:00:00+00:00,677761563.0,55875836.19753,46817.0,55875836.19753,748676237.3639798,0.07463284315562584,False,677761563.0,55875836.19753,1000000.0,True,True,True,12.129779330800611,20.334306107060666,17.838642576289917,Onchain Capital Allocator
2024-07-19 00:00:00+00:00,646761880.0,55750518.6721,47970.0,55750518.6721,718485255.52898,0.07759452019798799,False,646761880.0,55750518.6721,1000000.0,True,True,True,11.601002024823636,20.287488747628622,17.83639727179665,Onchain Capital Allocator
2024-07-20 00:00:00+00:00,665160037.0,55932993.43139,47648.0,55932993.43139,739638999.3331201,0.07562201760834786,False,665160037.0,55932993.43139,1000000.0,True,True,True,11.892087231410493,20.3155382268097,17.839664986398827,Onchain Capital Allocator
2024-07-21 00:00:00+00:00,655871810.0,52267368.47511,45028.0,52267368.47511,730789193.94035,0.07152181355239945,False,655871810.0,52267368.47511,1000000.0,True,True,True,12.54839930026953,20.301475916227666,17.771882804579786,Onchain Capital Allocator
2024-07-22 00:00:00+00:00,660407309.0,52406952.52519,44799.0,52406952.52519,735629056.0323999,0.07124100400254146,False,660407309.0,52406952.52519,1000000.0,True,True,True,12.601520927639662,20.30836733748383,17.774549822268256,Onchain Capital Allocator
2024-07-23 00:00:00+00:00,622444959.0,50618502.69058,45973.0,50618502.69058,696552950.7848599,0.07266999965120273,False,622444959.0,50618502.69058,1000000.0,True,True,True,12.29678725988542,20.249165763116814,17.73982773323998,Onchain Capital Allocator
2024-07-24 00:00:00+00:00,656479384.0,51859080.58248,46364.0,51859080.58248,731238377.58175,0.07091952798481549,False,656479384.0,51859080.58248,1000000.0,True,True,True,12.658909040161118,20.302401848319906,17.764040609079995,Onchain Capital Allocator
2024-07-25 00:00:00+00:00,631305625.0,51861312.28471,45189.0,51861312.28471,702791697.30752,0.07379329107528868,False,631305625.0,51861312.28471,1000000.0,True,True,True,12.172958939685847,20.26330065348349,17.76408364212622,Onchain Capital Allocator
2024-07-26 00:00:00+00:00,599702477.0,52039498.37346,45247.0,52039498.37346,667876049.71762,0.0779178986811437,False,599702477.0,52039498.37346,1000000.0,True,True,True,11.523986505332006,20.21194421852874,17.767513572312698,Onchain Capital Allocator
2024-07-27 00:00:00+00:00,619904179.0,53358459.09131,48470.0,53358459.09131,690353572.04347,0.0772914941735829,False,619904179.0,53358459.09131,1000000.0,True,True,True,11.617730151074735,20.24507547405933,17.79254308155554,Onchain Capital Allocator
2024-07-28 00:00:00+00:00,613498002.0,54310366.94671,47275.0,54310366.94671,684383038.7675099,0.07935668166837728,False,613498002.0,54310366.94671,1000000.0,True,True,True,11.296149087005283,20.23468756538622,17.810225686510208,Onchain Capital Allocator
2024-07-29 00:00:00+00:00,619291003.0,54429714.02718,50080.0,54429714.02718,689817391.0613799,0.07890452565052372,False,619291003.0,54429714.02718,1000000.0,True,True,True,11.37781107375929,20.244085838110205,17.812420776440675,Onchain Capital Allocator
2024-07-30 00:00:00+00:00,632258057.0,55571252.64492,49017.0,55571252.64492,704589796.81631,0.07887036243785928,False,632258057.0,55571252.64492,1000000.0,True,True,True,11.377430360260151,20.264808186809983,17.833176586749747,Onchain Capital Allocator
2024-07-31 00:00:00+00:00,624369971.0,54380839.38241,49658.0,54380839.38241,695418026.04685,0.0781987773476933,False,624369971.0,54380839.38241,1000000.0,True,True,True,11.481433131426773,20.2522536528802,17.811522432548003,Onchain Capital Allocator
2024-08-01 00:00:00+00:00,617876984.0,54428533.47885,49889.0,54428533.47885,688443539.45944,0.07906027198916969,False,617876984.0,54428533.47885,1000000.0,True,True,True,11.352078487290061,20.241799940591704,17.812399086796443,Onchain Capital Allocator
2024-08-02 00:00:00+00:00,596041954.0,53771454.18831,50083.0,53771454.18831,665121183.27986,0.080844597255422,False,596041954.0,53771454.18831,1000000.0,True,True,True,11.084728188912928,20.20582161516963,17.800253293023285,Onchain Capital Allocator
2024-08-03 00:00:00+00:00,560493337.0,53804552.3769,49302.0,53804552.3769,625619194.83642,0.08600208053234079,False,560493337.0,53804552.3769,1000000.0,True,True,True,10.417210296142851,20.144327912805473,17.80086863822323,Onchain Capital Allocator
2024-08-04 00:00:00+00:00,544750982.0,53794721.38288,48438.0,53794721.38288,607643621.1944699,0.08853005200175312,False,544750982.0,53794721.38288,1000000.0,True,True,True,10.12647650171426,20.11583933444915,17.800685904758517,Onchain Capital Allocator
2024-08-05 00:00:00+00:00,508942301.0,53849286.66483,44341.0,53849286.66483,567379120.40342,0.09490882679387617,False,508942301.0,53849286.66483,1000000.0,True,True,True,9.451235708427683,20.04784521052549,17.80169971477197,Onchain Capital Allocator
2024-08-06 00:00:00+00:00,456120958.0,53838344.82351,108828.0,53838344.82351,506794564.92397,0.10623307460210608,False,456120958.0,53838344.82351,1000000.0,True,True,True,8.472046447475893,19.9382685910757,17.8014965003228,Onchain Capital Allocator
2024-08-07 00:00:00+00:00,467583815.0,53868288.3293,49317.0,53868288.3293,519770373.7336,0.10363862784705256,False,467583815.0,53868288.3293,1000000.0,True,True,True,8.68013128877667,19.963089174046125,17.802052520053152,Onchain Capital Allocator
2024-08-08 00:00:00+00:00,444853354.0,54294993.78534,41885.0,54294993.78534,494377757.08334,0.10982491224051408,False,444853354.0,54294993.78534,1000000.0,True,True,True,8.193266505541313,19.913255244246724,17.80994258517213,Onchain Capital Allocator
2024-08-09 00:00:00+00:00,489407610.0,50736358.19731,48004.0,50736358.19731,544199443.15756,0.09323118359498302,False,489407610.0,50736358.19731,1000000.0,True,True,True,9.646092612653227,20.008706258504585,17.74215333575801,Onchain Capital Allocator
2024-08-10 00:00:00+00:00,475388997.0,50826371.78479,46514.0,50826371.78479,530383106.54574,0.09582954501663932,False,475388997.0,50826371.78479,1000000.0,True,True,True,9.353195601151725,19.979643967902287,17.743925907469396,Onchain Capital Allocator
2024-08-11 00:00:00+00:00,480489352.0,50614453.6188,44834.0,50614453.6188,535780680.20259,0.09446860532496544,False,480489352.0,50614453.6188,1000000.0,True,True,True,9.493125335675446,19.99031562587934,17.739747738109347,Onchain Capital Allocator
2024-08-12 00:00:00+00:00,468341012.0,50633581.66286,44353.0,50633581.66286,523070121.65955997,0.09680075302755459,False,468341012.0,50633581.66286,1000000.0,True,True,True,9.24961254209537,19.964707246659138,17.740125583353144,Onchain Capital Allocator
2024-08-13 00:00:00+00:00,499375564.0,50691745.03852,49969.0,50691745.03852,557254406.52917,0.09096697028247994,False,499375564.0,50691745.03852,1000000.0,True,True,True,9.851220620251501,20.02886900389594,17.741273635551778,Onchain Capital Allocator
2024-08-14 00:00:00+00:00,487707152.0,50761435.91757,51135.0,50761435.91757,546318745.01115,0.09291542049602196,False,487707152.0,50761435.91757,1000000.0,True,True,True,9.607828131417977,20.005225685325676,17.742647488778555,Onchain Capital Allocator
2024-08-15 00:00:00+00:00,928913910.0,0.0,49939.0,0.0,986211141.92506,0.0,False,928913910.0,0.0,1000000.0,False,False,False,,,,Onchain Capital Allocator
2024-08-16 00:00:00+00:00,901208249.0,0.0,54856.0,0.0,956176446.03948,0.0,False,901208249.0,0.0,1000000.0,False,False,False,,,,Onchain Capital Allocator
2024-08-17 00:00:00+00:00,921077988.0,0.0,54930.0,0.0,976911700.74695,0.0,False,921077988.0,0.0,1000000.0,False,False,False,,,,Onchain Capital Allocator
2024-08-18 00:00:00+00:00,932587054.0,0.0,53221.0,0.0,988727383.50068,0.0,False,932587054.0,0.0,1000000.0,False,False,False,,,,Onchain Capital Allocator
2024-08-19 00:00:00+00:00,942293413.0,0.0,53455.0,0.0,999489469.1508,0.0,False,942293413.0,0.0,1000000.0,False,False,False,,,,Onchain Capital Allocator
2024-08-20 00:00:00+00:00,966424231.0,0.0,54079.0,0.0,1022674456.2112899,0.0,False,966424231.0,0.0,1000000.0,False,False,False,,,,Onchain Capital Allocator
2024-08-21 00:00:00+00:00,954339746.0,0.0,56167.0,0.0,1010019793.79017,0.0,False,954339746.0,0.0,1000000.0,False,False,False,,,,Onchain Capital Allocator
2024-08-22 00:00:00+00:00,983855000.0,0.0,57545.0,0.0,1040589905.65012,0.0,False,983855000.0,0.0,1000000.0,False,False,False,,,,Onchain Capital Allocator
2024-08-23 00:00:00+00:00,984844393.0,0.0,60304.0,0.0,1041345074.6183801,0.0,False,984844393.0,0.0,1000000.0,False,False,False,,,,Onchain Capital Allocator
2024-08-24 00:00:00+00:00,1049999204.0,0.0,60295.0,0.0,1109636419.43319,0.0,False,1049999204.0,0.0,1000000.0,False,False,False,,,,Onchain Capital Allocator
2024-08-25 00:00:00+00:00,1059188568.0,0.0,64337.0,0.0,1118641282.09256,0.0,False,1059188568.0,0.0,1000000.0,False,False,False,,,,Onchain Capital Allocator
2024-08-26 00:00:00+00:00,1061757448.0,0.0,63631.0,0.0,1121159577.42916,0.0,False,1061757448.0,0.0,1000000.0,False,False,False,,,,Onchain Capital Allocator
2024-08-27 00:00:00+00:00,1040188343.0,0.0,63867.0,0.0,1097711433.92871,0.0,False,1040188343.0,0.0,1000000.0,False,False,False,,,,Onchain Capital Allocator
2024-08-28 00:00:00+00:00,960328900.0,5183729.93104,61953.0,5183729.93104,1013175615.1735902,0.005116319277139193,False,960328900.0,5183729.93104,1000000.0,True,True,False,185.25828173446746,,,Onchain Capital Allocator
2024-08-29 00:00:00+00:00,988674798.0,5957628.38717,70123.0,5957628.38717,1042822920.85487,0.005712981818894183,False,988674798.0,5957628.38717,1000000.0,True,True,False,165.95106873888815,,,Onchain Capital Allocator
2024-08-30 00:00:00+00:00,997759702.0,6082919.3761,64392.0,6082919.3761,1051814658.6977699,0.00578326164766627,False,997759702.0,6082919.3761,1000000.0,True,True,False,164.02645511302225,,,Onchain Capital Allocator
2024-08-31 00:00:00+00:00,975294379.0,7800934.68723,66240.0,7800934.68723,1029165885.59909,0.0075798613191390245,False,975294379.0,7800934.68723,1000000.0,True,True,False,125.02275920814215,,,Onchain Capital Allocator
2024-09-01 00:00:00+00:00,974610912.0,9639363.23199,62608.0,9639363.23199,1028390062.56887,0.009373255910224691,False,974610912.0,9639363.23199,1000000.0,True,True,True,101.10739563849761,20.697548884699263,16.081365609632194,Onchain Capital Allocator
2024-09-02 00:00:00+00:00,944950562.0,10138217.84456,60511.0,10138217.84456,997723413.8833799,0.01016135103525296,False,944950562.0,10138217.84456,1000000.0,True,True,True,93.20677228365584,20.666643168745605,16.131822785706238,Onchain Capital Allocator
2024-09-03 00:00:00+00:00,971946854.0,10826648.82657,64533.0,10826648.82657,1026176687.8999001,0.010550472403273014,False,971946854.0,10826648.82657,1000000.0,True,True,True,89.7735642459111,20.694811683975143,16.197521136796105,Onchain Capital Allocator
2024-09-04 00:00:00+00:00,939534265.0,11057401.58969,66436.0,11057401.58969,991557497.77514,0.011151548563245836,False,939534265.0,11057401.58969,1000000.0,True,True,True,84.96881092534692,20.660894847680133,16.218610588815242,Onchain Capital Allocator
2024-09-05 00:00:00+00:00,954792713.0,13101377.16514,67180.0,13101377.16514,1006664228.4664401,0.01301464460011531,False,954792713.0,13101377.16514,1000000.0,True,True,True,72.87727854599149,20.677004820435016,16.388227909755837,Onchain Capital Allocator
2024-09-06 00:00:00+00:00,930320938.0,12924001.10037,69552.0,12924001.10037,980401718.75098,0.013182352553231975,False,930320938.0,12924001.10037,1000000.0,True,True,True,71.98397236080133,20.65104017920378,16.37459669106812,Onchain Capital Allocator
2024-09-07 00:00:00+00:00,884869452.0,13998432.7486,64460.0,13998432.7486,931365471.1724601,0.015030010432937687,False,884869452.0,13998432.7486,1000000.0,True,True,True,63.21203722527415,20.600950680226852,16.45445593478448,Onchain Capital Allocator
2024-09-08 00:00:00+00:00,909785700.0,14154044.88248,8777.0,14154044.88248,957033609.76636,0.014789496145214185,False,909785700.0,14154044.88248,1000000.0,True,True,True,64.2774350056033,20.62871963523649,16.465510998623156,Onchain Capital Allocator
2024-09-09 00:00:00+00:00,917110387.0,14251289.36381,63076.0,14251289.36381,964743164.5646299,0.01477210711333864,False,917110387.0,14251289.36381,1000000.0,True,True,True,64.35280090017173,20.636738401383692,16.47235794225659,Onchain Capital Allocator
2024-09-10 00:00:00+00:00,946909612.0,14911010.10179,67412.0,14911010.10179,995862952.45514,0.014972953924060837,False,946909612.0,14911010.10179,1000000.0,True,True,True,63.50405542856736,20.66871419992132,16.51761043104515,Onchain Capital Allocator
2024-09-11 00:00:00+00:00,959598117.0,14970931.28154,70545.0,14970931.28154,1009009663.2484001,0.01483725263179608,False,959598117.0,14970931.28154,1000000.0,True,True,True,64.0974231297981,20.68202512665194,16.52162096431657,Onchain Capital Allocator
2024-09-12 00:00:00+00:00,961441166.0,15211243.5434,69177.0,15211243.5434,1010075479.2904,0.015059511744692812,False,961441166.0,15211243.5434,1000000.0,True,True,True,63.20595441502606,20.683943931313344,16.5375454191709,Onchain Capital Allocator
2024-09-13 00:00:00+00:00,975241224.0,15489100.48866,67747.0,15489100.48866,1024028548.3878499,0.015125653003565987,False,975241224.0,15489100.48866,1000000.0,True,True,True,62.96306391155517,20.698195407592273,16.55564714025241,Onchain Capital Allocator
2024-09-14 00:00:00+00:00,1003897221.0,15841951.03458,69442.0,15841951.03458,1054382794.3682699,0.015024857309125244,False,1003897221.0,15841951.03458,1000000.0,True,True,True,63.369544496677285,20.72715548345392,16.57817210814058,Onchain Capital Allocator
2024-09-15 00:00:00+00:00,997992491.0,15966887.94377,68400.0,15966887.94377,1048083055.20515,0.015234372757457346,False,997992491.0,15966887.94377,1000000.0,True,True,True,62.50388269239399,20.721256310199337,16.586027632308234,Onchain Capital Allocator
2024-09-16 00:00:00+00:00,962507675.0,15658512.85901,64900.0,15658512.85901,1011228852.93375,0.015484638134663525,False,962507675.0,15658512.85901,1000000.0,True,True,True,61.46865182322646,20.685052598120397,16.566525279714217,Onchain Capital Allocator
2024-09-17 00:00:00+00:00,947497799.0,15890899.50108,70253.0,15890899.50108,994493584.11247,0.01597888589222196,False,947497799.0,15890899.50108,1000000.0,True,True,True,59.62518351686793,20.669335171963013,16.58125714490821,Onchain Capital Allocator
2024-09-18 00:00:00+00:00,967220110.0,15954229.78162,67702.0,15954229.78162,1015771097.8428,0.015706520706783356,False,967220110.0,15954229.78162,1000000.0,True,True,True,60.62468218392352,20.689936649025547,16.585234542108676,Onchain Capital Allocator
2024-09-19 00:00:00+00:00,968068634.0,15992433.15141,71476.0,15992433.15141,1016131492.75657,0.01573854689615573,False,968068634.0,15992433.15141,1000000.0,True,True,True,60.53291733876333,20.69081354561992,16.587626240301447,Onchain Capital Allocator
2024-09-20 00:00:00+00:00,1021031562.0,16136976.24109,76993.0,16136976.24109,1071836898.79007,0.015055440113422133,False,1021031562.0,16136976.24109,1000000.0,True,True,True,63.27279328825688,20.744079288481707,16.596623857597315,Onchain Capital Allocator
2024-09-21 00:00:00+00:00,1065007683.0,16113943.81986,80321.0,16113943.81986,1117512234.06718,0.01441947866755193,False,1065007683.0,16113943.81986,1000000.0,True,True,True,66.09230458451809,20.786247850166284,16.59519553089518,Onchain Capital Allocator
2024-09-22 00:00:00+00:00,1073676858.0,16123538.4299,82136.0,16123538.4299,1126479930.11912,0.0143132052323338,False,1073676858.0,16123538.4299,1000000.0,True,True,True,66.59064712550563,20.79435491066552,16.595790776531857,Onchain Capital Allocator
2024-09-23 00:00:00+00:00,1058420127.0,16508629.10268,78679.0,16508629.10268,1110979566.51725,0.014859525413623953,False,1058420127.0,16508629.10268,1000000.0,True,True,True,64.11314473278564,20.78004318702412,16.61939377808656,Onchain Capital Allocator
2024-09-24 00:00:00+00:00,1079483537.0,16602863.41992,80914.0,16602863.41992,1134002633.97319,0.014640939026524802,False,1079483537.0,16602863.41992,1000000.0,True,True,True,65.01791345852085,20.79974855722387,16.625085733627092,Onchain Capital Allocator
2024-09-25 00:00:00+00:00,1084828972.0,16160757.24673,81342.0,16160757.24673,1139189639.39688,0.01418618699454287,False,1084828972.0,16160757.24673,1000000.0,True,True,True,67.1273601501258,20.80468818202091,16.598096469286713,Onchain Capital Allocator
2024-09-26 00:00:00+00:00,1063991218.0,16174287.65276,78398.0,16174287.65276,1116789893.58308,0.014482838487073725,False,1063991218.0,16174287.65276,1000000.0,True,True,True,65.7828796446834,20.7852929740724,16.59893335736661,Onchain Capital Allocator
2024-09-27 00:00:00+00:00,1063512138.0,16276560.79761,78747.0,16276560.79761,1117578242.30334,0.014564135361175111,False,1063512138.0,16276560.79761,1000000.0,True,True,True,65.34010170970288,20.784842605797547,16.605236643003504,Onchain Capital Allocator
2024-09-28 00:00:00+00:00,1089403889.0,16318296.64547,82838.0,16318296.64547,1144549476.39116,0.014257397327132302,False,1089403889.0,16318296.64547,1000000.0,True,True,True,66.75965713017119,20.808896492762443,16.607797529839228,Onchain Capital Allocator
2024-09-29 00:00:00+00:00,1082535321.0,16337381.5072,76360.0,16337381.5072,1137324978.10524,0.014364743430165177,False,1082535321.0,16337381.5072,1000000.0,True,True,True,66.26125003709554,20.80257164640791,16.608966384077295,Onchain Capital Allocator
2024-09-30 00:00:00+00:00,1080052935.0,16421859.87818,73838.0,16421859.87818,1134603939.84701,0.014473649615912956,False,1080052935.0,16421859.87818,1000000.0,True,True,True,65.76922120953452,20.800275890770287,16.61412392464718,Onchain Capital Allocator
2024-10-01 00:00:00+00:00,1041591404.0,16504234.4369,275355.0,16504234.4369,1095083393.46243,0.015071212416724704,False,1041591404.0,16504234.4369,1000000.0,True,True,True,63.11055553544614,20.76401557669635,16.619127538485706,Onchain Capital Allocator
2024-10-02 00:00:00+00:00,995053266.0,16516644.5323,272826.0,16516644.5323,1045568812.6055801,0.01579680297764445,False,995053266.0,16516644.5323,1000000.0,True,True,True,60.24548533777977,20.718306827358333,16.619879189948154,Onchain Capital Allocator
2024-10-03 00:00:00+00:00,965990618.0,16557926.26337,236514.0,16557926.26337,1015114337.96664,0.016311390396215788,False,965990618.0,16557926.26337,1000000.0,True,True,True,58.340072460462444,20.688664679914307,16.622375473438094,Onchain Capital Allocator
2024-10-04 00:00:00+00:00,952159165.0,16032761.68646,239771.0,16032761.68646,1000622948.42222,0.016022780320739616,False,952159165.0,16032761.68646,1000000.0,True,True,True,59.388343918572566,20.67424276890698,16.59014479212113,Onchain Capital Allocator
2024-10-05 00:00:00+00:00,973326909.0,16129337.92797,252956.0,16129337.92797,1023564874.18588,0.01575800257975725,False,973326909.0,16129337.92797,1000000.0,True,True,True,60.34512472530859,20.696230564194245,16.59615040325588,Onchain Capital Allocator
2024-10-06 00:00:00+00:00,966208402.0,16357695.14458,232043.0,16357695.14458,1016073475.9473801,0.01609892939024729,False,966208402.0,16357695.14458,1000000.0,True,True,True,59.06751491943203,20.68889010596894,16.61020899563072,Onchain Capital Allocator
2024-10-07 00:00:00+00:00,2029004817.0,70500911.08989,240004.0,70500911.08989,2082949419.23239,0.03384667454664888,False,2029004817.0,70500911.08989,1000000.0,True,True,True,28.779838240855927,21.43081127186317,18.071136190959844,Onchain Capital Allocator
2024-10-08 00:00:00+00:00,2061710490.0,71798048.72356,246049.0,71798048.72356,2115892889.5005498,0.0339327425692648,False,2061710490.0,71798048.72356,1000000.0,True,True,True,28.715411165811595,21.446801810162,18.089367857097074,Onchain Capital Allocator
2024-10-09 00:00:00+00:00,2031160933.0,72365336.04985,318940.0,72365336.04985,2085422507.75542,0.03470056344972425,False,2031160933.0,72365336.04985,1000000.0,True,True,True,28.068147594876127,21.431873354711723,18.097237958860514,Onchain Capital Allocator
2024-10-10 00:00:00+00:00,2092537299.0,72418195.4339,714690.0,72418195.4339,2145022710.7423701,0.03376103901894671,False,2092537299.0,72418195.4339,1000000.0,True,True,True,28.895186996339504,21.461643185258644,18.097968143928618,Onchain Capital Allocator
2024-10-11 00:00:00+00:00,2137995272.0,72446184.22666,617981.0,72446184.22666,2191162282.87443,0.03306290218341244,False,2137995272.0,72446184.22666,1000000.0,True,True,True,29.511495944505846,21.483134438134286,18.098354557665022,Onchain Capital Allocator
2024-10-12 00:00:00+00:00,2158762084.0,70987027.10807,662793.0,70987027.10807,2213714323.9910502,0.032066932186665016,False,2158762084.0,70987027.10807,1000000.0,True,True,True,30.410656312082494,21.49280078509334,18.0780077015231,Onchain Capital Allocator
2024-10-13 00:00:00+00:00,2203957488.0,71059519.62762,394693.0,71059519.62762,2259002398.5406995,0.031456150588208304,False,2203957488.0,71059519.62762,1000000.0,True,True,True,31.015654194534516,21.51352043948481,18.079028388438893,Onchain Capital Allocator
2024-10-14 00:00:00+00:00,2200431931.0,71114869.40355,868929.0,71114869.40355,2255271801.50583,0.03153272672325663,False,2200431931.0,71114869.40355,1000000.0,True,True,True,30.941938717673523,21.51191951031275,18.07980700657263,Onchain Capital Allocator
2024-10-15 00:00:00+00:00,2329778986.0,70457201.88171001,596633.0,70457201.88171001,2388280015.76574,0.029501231604586255,False,2329778986.0,70457201.88171001,1000000.0,True,True,True,33.06658402233239,21.569039244230932,18.070516017935965,Onchain Capital Allocator
2024-10-16 00:00:00+00:00,2328512171.0,70583928.63414,807482.0,70583928.63414,2386517193.50497,0.029576124079993143,False,2328512171.0,70583928.63414,1000000.0,True,True,True,32.989268464631,21.568495347343198,18.072313036806552,Onchain Capital Allocator
2024-10-17 00:00:00+00:00,2301741157.0,71323655.08311,6445.0,71323655.08311,2360166041.4853306,0.03021976158856335,False,2301741157.0,71323655.08311,1000000.0,True,True,True,32.27177791600686,21.556931698265394,18.08273859870814,Onchain Capital Allocator
2024-10-18 00:00:00+00:00,2251897130.0,71235677.80315,656830.0,71235677.80315,2309539185.58167,0.030844108750295533,False,2251897130.0,71235677.80315,1000000.0,True,True,True,31.611928172043342,21.535038866784426,18.081504343618032,Onchain Capital Allocator
2024-10-19 00:00:00+00:00,2314627104.0,71212662.34807,674765.0,71212662.34807,2373023676.6516995,0.030009250665610714,False,2314627104.0,71212662.34807,1000000.0,True,True,True,32.503027238143005,21.562514433324377,18.081181202537472,Onchain Capital Allocator
2024-10-20 00:00:00+00:00,2425755767.0,71315507.88073,621504.0,71315507.88073,2484052227.7642,0.028709343178713414,False,2425755767.0,71315507.88073,1000000.0,True,True,True,34.014421814914364,21.609408969275904,18.08262436356795,Onchain Capital Allocator
2024-10-21 00:00:00+00:00,2534292279.0,71440646.4413,713808.0,71440646.4413,2594084638.19932,0.02753982865065283,False,2534292279.0,71440646.4413,1000000.0,True,True,True,35.4740950039181,21.653180255129943,18.084377543221983,Onchain Capital Allocator
2024-10-22 00:00:00+00:00,2521964389.0,71459781.0397,6258.0,71459781.0397,2580548000.56215,0.027691707739647978,False,2521964389.0,71459781.0397,1000000.0,True,True,True,35.29208111621423,21.648303954246703,18.084645346458846,Onchain Capital Allocator
2024-10-23 00:00:00+00:00,2512114642.0,71853628.68064,649785.0,71853628.68064,2569452548.25865,0.02796456728859854,False,2512114642.0,71853628.68064,1000000.0,True,True,True,34.96155570883306,21.644390722249845,18.090141672772013,Onchain Capital Allocator
2024-10-24 00:00:00+00:00,2440633844.0,71929439.05545,691577.0,71929439.05545,2495032760.21342,0.028829055955681044,False,2440633844.0,71929439.05545,1000000.0,True,True,True,33.930945049057435,21.61552361464773,18.09119618333475,Onchain Capital Allocator
2024-10-25 00:00:00+00:00,2448886928.0,70261130.17254,636926.0,70261130.17254,2503485153.98106,0.028065327274184246,False,2448886928.0,70261130.17254,1000000.0,True,True,True,34.85407823623499,21.618899443168633,18.06772929024816,Onchain Capital Allocator
2024-10-26 00:00:00+00:00,2363107825.0,70243209.66150999,603046.0,70243209.66150999,2416677161.6275496,0.029066029495724444,False,2363107825.0,70243209.66150999,1000000.0,True,True,True,33.64179735503848,21.58324346466452,18.067474201883652,Onchain Capital Allocator
2024-10-27 00:00:00+00:00,2433416737.0,70217486.7943,596924.0,70217486.7943,2487244322.84443,0.02823103711580646,False,2433416737.0,70217486.7943,1000000.0,True,True,True,34.655423429332075,21.612562171324708,18.06710793760978,Onchain Capital Allocator
2024-10-28 00:00:00+00:00,2444537779.0,69398797.80566,576370.0,69398797.80566,2498768898.67663,0.02777319576949041,False,2444537779.0,69398797.80566,1000000.0,True,True,True,35.22449748835029,21.617121894557762,18.05538010264198,Onchain Capital Allocator
2024-10-29 00:00:00+00:00,2556904041.0,69456045.90022999,604096.0,69456045.90022999,2611995075.74963,0.026591185620936302,False,2556904041.0,69456045.90022999,1000000.0,True,True,True,36.81326813036348,21.662063004588813,18.05620467737464,Onchain Capital Allocator
2024-10-30 00:00:00+00:00,2682816767.0,69526001.73065999,5487.0,69526001.73065999,2739923809.33155,0.025375158788675228,False,2682816767.0,69526001.73065999,1000000.0,True,True,True,38.587243624235555,21.710133111983954,18.057211366188486,Onchain Capital Allocator
2024-10-31 00:00:00+00:00,2799135953.0,69404236.78402,661512.0,69404236.78402,2857518126.7888007,0.02428829274375052,False,2799135953.0,69404236.78402,1000000.0,True,True,True,40.330908928667704,21.752576618290142,18.055458472374728,Onchain Capital Allocator
2024-11-01 00:00:00+00:00,2679202121.0,70506492.2648,5168.0,70506492.2648,2734434826.8483596,0.0257846673003591,False,2679202121.0,70506492.2648,1000000.0,True,True,True,37.99936764600014,21.70878487109818,18.07121535240499,Onchain Capital Allocator
2024-11-02 00:00:00+00:00,2674298366.0,70176374.73714,808237.0,70176374.73714,2729240023.03291,0.02571278969416381,False,2674298366.0,70176374.73714,1000000.0,True,True,True,38.108243351371925,21.70695288980542,18.06652227014702,Onchain Capital Allocator
2024-11-03 00:00:00+00:00,2659847984.0,70219570.99734001,615465.0,70219570.99734001,2714281459.48216,0.02587040881557535,False,2659847984.0,70219570.99734001,1000000.0,True,True,True,37.879012164582406,21.70153480923478,18.067137619277467,Onchain Capital Allocator
2024-11-04 00:00:00+00:00,2676428542.0,70174763.98243001,551083.0,70174763.98243001,2730058368.59254,0.02570449217853465,False,2676428542.0,70174763.98243001,1000000.0,True,True,True,38.13947336780655,21.707749109141286,18.06649931693517,Onchain Capital Allocator
2024-11-05 00:00:00+00:00,2618992770.0,70182149.31816,565050.0,70182149.31816,2671269666.69303,0.026272955588584914,False,2618992770.0,70182149.31816,1000000.0,True,True,True,37.31707842299327,21.686055641872528,18.066604553443486,Onchain Capital Allocator
2024-11-06 00:00:00+00:00,2662579507.0,70186567.04508,578595.0,70186567.04508,2715543130.1914606,0.025846235423309764,False,2662579507.0,70186567.04508,1000000.0,True,True,True,37.93574210988061,21.70256122932014,18.0666674980516,Onchain Capital Allocator
2024-11-07 00:00:00+00:00,2955479031.0,67584593.91885,684926.0,67584593.91885,3014434075.9511304,0.02242032574473381,False,2955479031.0,67584593.91885,1000000.0,True,True,True,43.730070118475446,21.80692658329573,18.028890614431173,Onchain Capital Allocator
2024-11-08 00:00:00+00:00,3105844925.0,68222812.5645,718208.0,68222812.5645,3168168975.51232,0.021533830137159204,False,3105844925.0,68222812.5645,1000000.0,True,True,True,45.525020271828225,21.85655163286692,18.038289561963328,Onchain Capital Allocator
2024-11-09 00:00:00+00:00,3100079379.0,68162667.82556,733720.0,68162667.82556,3162850608.45957,0.021551023511274168,False,3100079379.0,68162667.82556,1000000.0,True,True,True,45.480605115598415,21.85469355423871,18.037407580352575,Onchain Capital Allocator
2024-11-10 00:00:00+00:00,3374417777.0,68215960.45988,754734.0,68215960.45988,3444452919.5192103,0.019804584952608912,False,3374417777.0,68215960.45988,1000000.0,True,True,True,49.46669011549876,21.939488635870735,18.03818911977268,Onchain Capital Allocator
2024-11-11 00:00:00+00:00,3467699297.0,68272841.39638,751149.0,68272841.39638,3539231674.48374,0.019290300176898936,False,3467699297.0,68272841.39638,1000000.0,True,True,True,50.79178229696276,21.966757184204553,18.039022608513434,Onchain Capital Allocator
2024-11-12 00:00:00+00:00,3727846673.0,68165958.78433,828317.0,68165958.78433,3803196150.7136106,0.017923335027445197,False,3727846673.0,68165958.78433,1000000.0,True,True,True,54.68780516671847,22.039096604436832,18.037455860143144,Onchain Capital Allocator
2024-11-13 00:00:00+00:00,3574602133.0,66525623.67008,794045.0,66525623.67008,3648177732.38326,0.01823530226599474,False,3574602133.0,66525623.67008,1000000.0,True,True,True,53.73271133431978,21.997119715430497,18.0130977497571,Onchain Capital Allocator
2024-11-14 00:00:00+00:00,3568853780.0,65507794.77471,707024.0,65507794.77471,3639658105.85373,0.017998337445309105,False,3568853780.0,65507794.77471,1000000.0,True,True,True,54.47983392318062,21.995510311155932,17.99767969771909,Onchain Capital Allocator
2024-11-15 00:00:00+00:00,3420366323.0,63030944.93425,753488.0,63030944.93425,3489214635.46055,0.01806450778168606,False,3420366323.0,63030944.93425,1000000.0,True,True,True,54.264874603544584,21.95301349427315,17.959136353194307,Onchain Capital Allocator
2024-11-16 00:00:00+00:00,3646779346.0,61982754.297,715242.0,61982754.297,3715738699.739711,0.01668113915043109,False,3646779346.0,61982754.297,1000000.0,True,True,True,58.835387155044614,22.017110244063502,17.94236674781667,Onchain Capital Allocator
2024-11-17 00:00:00+00:00,3882015494.0,61935927.51712,696430.0,61935927.51712,3952344827.540429,0.015670679108144302,False,3882015494.0,61935927.51712,1000000.0,True,True,True,62.67792619924766,22.07962031292689,17.941610981512135,Onchain Capital Allocator
2024-11-18 00:00:00+00:00,3829731934.0,62012357.60487001,368849.0,62012357.60487001,3897860998.5415,0.015909330175722984,False,3829731934.0,62012357.60487001,1000000.0,True,True,True,61.757560620453496,22.066060646566758,17.94284423935611,Onchain Capital Allocator
2024-11-19 00:00:00+00:00,3786090710.0,53502983.27932,963995.0,53502983.27932,3856030776.6215806,0.013875144255512416,False,3786090710.0,53502983.27932,1000000.0,True,True,True,70.7641046899043,22.054599848770348,17.79524797254186,Onchain Capital Allocator
2024-11-20 00:00:00+00:00,3738110123.0,53600528.99324,60264.0,53600528.99324,3806863416.38727,0.014079971653962605,False,3738110123.0,53600528.99324,1000000.0,True,True,True,69.74017221866306,22.04184600595247,17.797069495269195,Onchain Capital Allocator
2024-11-21 00:00:00+00:00,3745310067.0,45034490.98845,674388.0,45034490.98845,3813202021.95784,0.01181015082052422,False,3745310067.0,45034490.98845,1000000.0,True,True,True,83.16536913808041,22.04377024541485,17.62293922055922,Onchain Capital Allocator
2024-11-22 00:00:00+00:00,4108454724.0,45089857.82667,763007.0,45089857.82667,4183191155.9001503,0.010778818405913234,False,4108454724.0,45089857.82667,1000000.0,True,True,True,91.11704764724071,22.136312815194472,17.624167897291166,Onchain Capital Allocator
2024-11-23 00:00:00+00:00,4084967065.0,43979885.81458,817918.0,43979885.81458,4157870721.86643,0.010577501985159807,False,4084967065.0,43979885.81458,1000000.0,True,True,True,92.8826209831989,22.130579502802377,17.599242946784198,Onchain Capital Allocator
2024-11-24 00:00:00+00:00,4127352236.0,44233889.43542,678080.0,44233889.43542,4202275171.59445,0.010526176328104792,False,4127352236.0,44233889.43542,1000000.0,True,True,True,93.30746829364386,22.140901933238865,17.605001782569314,Onchain Capital Allocator
2024-11-25 00:00:00+00:00,4107036477.0,44254320.440689996,747901.0,44254320.440689996,4181058136.5856404,0.010584478616417712,False,4107036477.0,44254320.440689996,1000000.0,True,True,True,92.80532242053708,22.13596755354684,17.605463561729763,Onchain Capital Allocator
2024-11-26 00:00:00+00:00,4068198421.0,44239036.71282,588816.0,44239036.71282,4143023437.4274297,0.010677959558029873,False,4068198421.0,44239036.71282,1000000.0,True,True,True,91.95947116590537,22.126466090000243,17.60511814081878,Onchain Capital Allocator
2024-11-27 00:00:00+00:00,3991851192.0,44277251.74513,729770.0,44277251.74513,4063870718.9508204,0.010895339642241663,False,3991851192.0,44277251.74513,1000000.0,True,True,True,90.15580314193865,22.107520918147735,17.605981598502108,Onchain Capital Allocator
2024-11-28 00:00:00+00:00,4330481723.0,42003776.470369995,722675.0,42003776.470369995,4408355756.9505,0.009528218407542113,False,4330481723.0,42003776.470369995,1000000.0,True,True,True,103.09743758527945,22.18894462519766,17.553270088166634,Onchain Capital Allocator
2024-11-29 00:00:00+00:00,4254001251.0,42260619.260189995,690796.0,42260619.260189995,4334453482.14803,0.00974993028169421,False,4254001251.0,42260619.260189995,1000000.0,True,True,True,100.66111963028709,22.171125847800578,17.559366223622437,Onchain Capital Allocator
2024-11-30 00:00:00+00:00,4311525416.0,41462064.59153,738655.0,41462064.59153,4392428026.67875,0.009439440860430158,False,4311525416.0,41462064.59153,1000000.0,True,True,True,103.9872340771176,22.184557603271436,17.540289460922857,Onchain Capital Allocator
2024-12-01 00:00:00+00:00,4404146915.0,41489739.84174,613663.0,41489739.84174,4486396326.39662,0.009247898942326322,False,4404146915.0,41489739.84174,1000000.0,True,True,True,106.15026586812405,22.20581241469639,17.54095672190472,Onchain Capital Allocator
2024-12-02 00:00:00+00:00,4460092688.0,41481419.63213,767368.0,41481419.63213,4542403574.7294,0.009132041869397554,False,4460092688.0,41481419.63213,1000000.0,True,True,True,107.52025189960892,22.21843538482522,17.54075616523682,Onchain Capital Allocator
2024-12-03 00:00:00+00:00,4469845910.0,41529432.3622,1024903.0,41529432.3622,4550326405.06662,0.009126693046889673,False,4469845910.0,41529432.3622,1000000.0,True,True,True,107.63079714203954,22.22061977294192,17.541912947374833,Onchain Capital Allocator
2024-12-04 00:00:00+00:00,4478832945.0,42142352.165020004,952479.0,42142352.165020004,4559557562.884009,0.009242640669364451,False,4478832945.0,42142352.165020004,1000000.0,True,True,True,106.27866540201397,22.2226283460882,17.55656378265204,Onchain Capital Allocator
2024-12-05 00:00:00+00:00,4739791750.0,42373800.88162,989751.0,42373800.88162,4824957819.381701,0.008782211672691892,False,4739791750.0,42373800.88162,1000000.0,True,True,True,111.85665792034072,22.279259037089087,17.56204082548562,Onchain Capital Allocator
2024-12-06 00:00:00+00:00,4679237444.0,42539523.97471,1144552.0,42539523.97471,4763159155.988939,0.008930947419891082,False,4679237444.0,42539523.97471,1000000.0,True,True,True,109.99740962738169,22.266400994283675,17.565944177610522,Onchain Capital Allocator
2024-12-07 00:00:00+00:00,4922432181.0,42552598.10762,1008248.0,42552598.10762,5011445368.409491,0.00849108290711052,False,4922432181.0,42552598.10762,1000000.0,True,True,True,115.67876933273618,22.31706859103374,17.566251471228142,Onchain Capital Allocator
2024-12-08 00:00:00+00:00,4906408723.0,42470143.16767,1053141.0,42470143.16767,4995317032.849209,0.008501991542956394,False,4906408723.0,42470143.16767,1000000.0,True,True,True,115.52606977635428,22.313808090156417,17.56431187331438,Onchain Capital Allocator
2024-12-09 00:00:00+00:00,4937915386.0,42585665.379470006,1062597.0,42585665.379470006,5036453142.924379,0.008455487258786042,False,4937915386.0,42585665.379470006,1000000.0,True,True,True,115.95252397724668,22.320209092445147,17.567028261173306,Onchain Capital Allocator
2024-12-10 00:00:00+00:00,4756939688.0,42527155.78394,827280.0,42527155.78394,4849443382.741759,0.008769492172088453,False,4756939688.0,42527155.78394,1000000.0,True,True,True,111.85652085852436,22.282870375737247,17.565653389468977,Onchain Capital Allocator
2024-12-11 00:00:00+00:00,4556656850.0,42285053.68706,930355.0,42285053.68706,4647466712.966901,0.009098516740115735,False,4556656850.0,42285053.68706,1000000.0,True,True,True,107.76046032062673,22.239855044659244,17.559944240845518,Onchain Capital Allocator
2024-12-12 00:00:00+00:00,4841874848.0,42297156.51929,960376.0,42297156.51929,4938243969.546199,0.008565222127568741,False,4841874848.0,42297156.51929,1000000.0,True,True,True,114.47282149550217,22.300567847957645,17.560230419990827,Onchain Capital Allocator
2024-12-13 00:00:00+00:00,4883644399.0,42235514.61855,955211.0,42235514.61855,4980492169.35623,0.008480188941650178,False,4883644399.0,42235514.61855,1000000.0,True,True,True,115.62885981398897,22.309157581166577,17.558772003716122,Onchain Capital Allocator
2024-12-14 00:00:00+00:00,4935853649.0,42673242.43885,893866.0,42673242.43885,5034063272.1395,0.008476898308970535,False,4935853649.0,42673242.43885,1000000.0,True,True,True,115.66624345625928,22.31979147339357,17.569082641001113,Onchain Capital Allocator
2024-12-15 00:00:00+00:00,4885317259.0,39097177.86482,1037609.0,39097177.86482,4982539940.56114,0.007846836820422323,False,4885317259.0,39097177.86482,1000000.0,True,True,True,124.95319421496795,22.30950006587988,17.48156084498035,Onchain Capital Allocator
2024-12-16 00:00:00+00:00,4993189509.0,39053286.56671,1009828.0,39053286.56671,5092322744.62578,0.0076690517324191935,False,4993189509.0,39053286.56671,1000000.0,True,True,True,127.85580799891807,22.331340722681524,17.48043759374841,Onchain Capital Allocator
2024-12-17 00:00:00+00:00,5083345132.0,39144130.996580005,997952.0,39144130.996580005,5186893350.38603,0.007546739127317267,False,5083345132.0,39144130.996580005,1000000.0,True,True,True,129.86225527510442,22.34923537237821,17.482761058475745,Onchain Capital Allocator
2024-12-18 00:00:00+00:00,5015054256.0,39128705.12614,629634.0,39128705.12614,5115899093.65286,0.007648451310285966,False,5015054256.0,39128705.12614,1000000.0,True,True,True,128.16816298502258,22.335710077045558,17.482366902050504,Onchain Capital Allocator
2024-12-19 00:00:00+00:00,4694475935.0,39310261.84452,606681.0,39310261.84452,4789879136.541441,0.00820694233067939,False,4694475935.0,39310261.84452,1000000.0,True,True,True,119.42113114299765,22.269652321438212,17.486996158391378,Onchain Capital Allocator
2024-12-20 00:00:00+00:00,4521953179.0,41246695.68448,909502.0,41246695.68448,4611115195.250979,0.008945058611192422,False,4521953179.0,41246695.68448,1000000.0,True,True,True,109.6318893903903,22.232209856701704,17.53508156291775,Onchain Capital Allocator
2024-12-21 00:00:00+00:00,4571719461.0,41351227.85403,785129.0,41351227.85403,4661494780.26131,0.008870808571775761,False,4571719461.0,41351227.85403,1000000.0,True,True,True,110.55825179213997,22.243155220760137,17.53761267316554,Onchain Capital Allocator
2024-12-22 00:00:00+00:00,4445313642.0,44423591.27481,722527.0,44423591.27481,4532804844.67519,0.009800464126973305,False,4445313642.0,44423591.27481,1000000.0,True,True,True,100.0665077818838,22.215116264052917,17.609281221312227,Onchain Capital Allocator
2024-12-23 00:00:00+00:00,4364947662.0,44687735.6498,601342.0,44687735.6498,4450921481.98185,0.01004010873494493,False,4364947662.0,44687735.6498,1000000.0,True,True,True,97.67663540185517,22.196872035788086,17.615209651686836,Onchain Capital Allocator
2024-12-24 00:00:00+00:00,4460577800.0,44569112.22227,961498.0,44569112.22227,4552017967.533599,0.009791066849944508,False,4460577800.0,44569112.22227,1000000.0,True,True,True,100.08226723823249,22.21854414615681,17.61255162599584,Onchain Capital Allocator
2024-12-25 00:00:00+00:00,4632926973.0,43753920.697280005,769729.0,43753920.697280005,4728260136.19689,0.009253704203439378,False,4632926973.0,43753920.697280005,1000000.0,True,True,True,105.88598459675887,22.25645468089969,17.59409178269046,Onchain Capital Allocator
2024-12-26 00:00:00+00:00,4641415289.0,44472602.336500004,705578.0,44472602.336500004,4736456516.81787,0.009389424811267639,False,4641415289.0,44472602.336500004,1000000.0,True,True,True,104.3657228304504,22.258285175856717,17.610383879697583,Onchain Capital Allocator
2024-12-27 00:00:00+00:00,4362260706.0,38584603.687470004,689212.0,38584603.687470004,4455244485.61325,0.008660490756919473,False,4362260706.0,38584603.687470004,1000000.0,True,True,True,113.0570302427806,22.19625627047767,17.46836388666572,Onchain Capital Allocator
2024-12-28 00:00:00+00:00,4352417535.0,40424027.0336,740098.0,40424027.0336,4444926008.93901,0.009094420683787512,False,4352417535.0,40424027.0336,1000000.0,True,True,True,107.66907342957985,22.193997282844705,17.514934894704894,Onchain Capital Allocator
2024-12-29 00:00:00+00:00,4424766112.0,41864909.17256,732373.0,41864909.17256,4519305885.45391,0.009263570608776169,False,4424766112.0,41864909.17256,1000000.0,True,True,True,105.69152541957921,22.210483257964178,17.549958544086728,Onchain Capital Allocator
2024-12-30 00:00:00+00:00,4365254168.0,41187645.56385,761906.0,41187645.56385,4458146212.142119,0.009238738166925109,False,4365254168.0,41187645.56385,1000000.0,True,True,True,105.9845521209239,22.19694225317964,17.533648904396173,Onchain Capital Allocator
2024-12-31 00:00:00+00:00,4443848131.0,41627827.285,784984.0,41627827.285,4537509793.66507,0.009174157010772217,False,4443848131.0,41627827.285,1000000.0,True,True,True,106.75186337676764,22.214786534197458,17.544279426720998,Onchain Capital Allocator
2025-01-01 00:00:00+00:00,4379817920.0,42633073.27097,599347.0,42633073.27097,4471881068.57384,0.009533588352913513,False,4379817920.0,42633073.27097,1000000.0,True,True,True,102.73286873227445,22.200272989694422,17.56814087788511,Onchain Capital Allocator
2025-01-02 00:00:00+00:00,4431027114.0,42849092.954,807487.0,42849092.954,4523819815.3254,0.009471883210034051,False,4431027114.0,42849092.954,1000000.0,True,True,True,103.41005628186487,22.2118972483055,17.573195034849363,Onchain Capital Allocator
2025-01-03 00:00:00+00:00,4535920832.0,46647589.46065,811787.0,46647589.46065,4632597758.23256,0.010069423657116109,False,4535920832.0,46647589.46065,1000000.0,True,True,True,97.23805419412545,22.235293949956766,17.6581318110533,Onchain Capital Allocator
2025-01-04 00:00:00+00:00,4677957843.0,58643141.07049,841148.0,58643141.07049,4778560868.17086,0.012272134370224617,False,4677957843.0,58643141.07049,1000000.0,True,True,True,79.76990586805401,22.26612749331063,17.886981179430233,Onchain Capital Allocator
2025-01-05 00:00:00+00:00,4808701502.0,67965445.13086,835248.0,67965445.13086,4911163466.981569,0.013838970253749663,False,4808701502.0,67965445.13086,1000000.0,True,True,True,70.75215196106453,22.293692926614703,18.03450997414312,Onchain Capital Allocator
2025-01-06 00:00:00+00:00,4803180048.0,75759444.12765,844293.0,75759444.12765,4906161830.01622,0.015441692865520404,False,4803180048.0,75759444.12765,1000000.0,True,True,True,63.40041302186613,22.292544045497387,18.143073669534953,Onchain Capital Allocator
2025-01-07 00:00:00+00:00,4904117127.0,78777122.79114,832691.0,78777122.79114,5009260818.9869,0.015726296880479128,False,4904117127.0,78777122.79114,1000000.0,True,True,True,62.25306222470417,22.31334091926737,18.182133192767733,Onchain Capital Allocator
2025-01-08 00:00:00+00:00,4583981076.0,81731147.80898,801739.0,81731147.80898,4681805280.445271,0.01745718647256659,False,4583981076.0,81731147.80898,1000000.0,True,True,True,56.086096902903726,22.245833688078076,18.218945733306338,Onchain Capital Allocator
2025-01-09 00:00:00+00:00,4528015493.0,84607866.48466,715216.0,84607866.48466,4623585700.68311,0.018299188543679342,False,4528015493.0,84607866.48466,1000000.0,True,True,True,53.51766545042193,22.23354959944038,18.25353780470591,Onchain Capital Allocator
2025-01-10 00:00:00+00:00,4406612312.0,86464800.05197999,730604.0,86464800.05197999,4498268782.560801,0.019221794924125634,False,4406612312.0,86464800.05197999,1000000.0,True,True,True,50.96423410857227,22.20637204798129,18.275247953266,Onchain Capital Allocator
2025-01-11 00:00:00+00:00,4480332438.0,86340994.60434,642052.0,86340994.60434,4573819027.25335,0.01887722144008595,False,4480332438.0,86340994.60434,1000000.0,True,True,True,51.891137674881406,22.22296308553097,18.2738150676493,Onchain Capital Allocator
2025-01-12 00:00:00+00:00,4504888658.0,86355347.85403,770420.0,86355347.85403,4599067211.14144,0.018776709252004496,False,4504888658.0,86355347.85403,1000000.0,True,True,True,52.16687524222355,22.22842901249596,18.273981292938366,Onchain Capital Allocator
2025-01-13 00:00:00+00:00,4470519015.0,86303491.05545,747856.0,86303491.05545,4564423012.22264,0.018907864329039178,False,4470519015.0,86303491.05545,1000000.0,True,True,True,51.799978892252355,22.220770349569815,18.273380607789935,Onchain Capital Allocator
2025-01-14 00:00:00+00:00,4359968268.0,82643545.92031,717885.0,82643545.92031,4450871941.35793,0.018567945114838787,False,4359968268.0,82643545.92031,1000000.0,True,True,True,52.756306853098366,22.19573061629922,18.230047289893736,Onchain Capital Allocator
2025-01-15 00:00:00+00:00,4499746170.0,74359147.18732,593939.0,74359147.18732,4595809878.23232,0.016179770085685236,False,4499746170.0,74359147.18732,1000000.0,True,True,True,60.51368715491823,22.227286825465104,18.12441725204976,Onchain Capital Allocator
2025-01-16 00:00:00+00:00,4791433642.0,72405721.02568,1318120.0,72405721.02568,4895241316.0990505,0.014791042228614607,False,4791433642.0,72405721.02568,1000000.0,True,True,True,66.17479356777113,22.290095502544396,18.097795873925765,Onchain Capital Allocator
2025-01-17 00:00:00+00:00,4652202755.0,73098557.02596,623520.0,73098557.02596,4754851410.71021,0.015373468214234187,False,4652202755.0,73098557.02596,1000000.0,True,True,True,63.64288084849378,22.260606655132847,18.107319184798225,Onchain Capital Allocator
2025-01-18 00:00:00+00:00,4870135719.0,73569992.95951,951988.0,73569992.95951,4975417264.772161,0.01478669808870372,False,4870135719.0,73569992.95951,1000000.0,True,True,True,66.19731120105352,22.306387642030415,18.113747796210603,Onchain Capital Allocator
2025-01-19 00:00:00+00:00,4720962150.0,72774985.67289,697593.0,72774985.67289,4825708353.33366,0.015080684605114214,False,4720962150.0,72774985.67289,1000000.0,True,True,True,64.87067096405687,22.27527846110922,18.102882850727376,Onchain Capital Allocator
2025-01-20 00:00:00+00:00,4572329497.0,71969672.70781,885361.0,71969672.70781,4674905572.844279,0.01539489334840674,False,4572329497.0,71969672.70781,1000000.0,True,True,True,63.53133653342042,22.24328864874236,18.091755375853943,Onchain Capital Allocator
2025-01-21 00:00:00+00:00,4656383876.0,71243102.77535,229947.0,71243102.77535,4761542851.233379,0.01496218872773474,False,4656383876.0,71243102.77535,1000000.0,True,True,True,65.35908311970799,22.261504991571435,18.081608569274323,Onchain Capital Allocator
2025-01-22 00:00:00+00:00,4773862443.0,71469180.70447999,1270656.0,71469180.70447999,4880479727.554971,0.014643884350337158,False,4773862443.0,71469180.70447999,1000000.0,True,True,True,66.79609862521838,22.286421550664933,18.084776875642,Onchain Capital Allocator
2025-01-23 00:00:00+00:00,4782442104.0,74125877.85766,700338.0,74125877.85766,4889008582.793781,0.015161740177453607,False,4782442104.0,74125877.85766,1000000.0,True,True,True,64.51784777758006,22.288217153403,18.12127525814843,Onchain Capital Allocator
2025-01-24 00:00:00+00:00,4805060301.0,72799102.88131,728770.0,72799102.88131,4914928959.13805,0.014811832172255254,False,4805060301.0,72799102.88131,1000000.0,True,True,True,66.00438893916126,22.292935428925716,18.103214190032055,Onchain Capital Allocator
2025-01-25 00:00:00+00:00,4802272872.0,68260891.2287,734698.0,68260891.2287,4913696523.58522,0.013891963189231363,False,4802272872.0,68260891.2287,1000000.0,True,True,True,70.3517458614854,22.292355157787405,18.03884755774055,Onchain Capital Allocator
2025-01-26 00:00:00+00:00,4751188932.0,67280763.67182,656855.0,67280763.67182,4861666229.14094,0.013839033882774089,False,4751188932.0,67280763.67182,1000000.0,True,True,True,70.61734547448361,22.28166072514646,18.024384924215855,Onchain Capital Allocator
2025-01-27 00:00:00+00:00,4669586417.0,67809072.4263,611162.0,67809072.4263,4778188433.739461,0.014191376787799033,False,4669586417.0,67809072.4263,1000000.0,True,True,True,68.86374123573593,22.264336343035165,18.032206555555994,Onchain Capital Allocator
2025-01-28 00:00:00+00:00,4568609925.0,53989531.81707,645588.0,53989531.81707,4686288611.719731,0.01152074408777342,False,4568609925.0,53989531.81707,1000000.0,True,True,True,84.62029158688743,22.24247482162163,17.80430073049675,Onchain Capital Allocator
2025-01-29 00:00:00+00:00,4613891567.0,86020696.52631,723728.0,86020696.52631,4730964725.73379,0.018182485288551344,False,4613891567.0,86020696.52631,1000000.0,True,True,True,53.63699380867965,22.252337495554897,18.270098482547137,Onchain Capital Allocator
2025-01-30 00:00:00+00:00,4743489281.0,87904501.32883999,737032.0,87904501.32883999,4862244603.0210905,0.018078996123358684,False,4743489281.0,87904501.32883999,1000000.0,True,True,True,53.96184733766007,22.28003883707082,18.291761571001118,Onchain Capital Allocator
2025-01-31 00:00:00+00:00,4811911852.0,85967815.40172,1033862.0,85967815.40172,4958901110.04234,0.017336061658423753,False,4811911852.0,85967815.40172,1000000.0,True,True,True,55.973410857474526,22.294360316520322,18.269483544657813,Onchain Capital Allocator
2025-02-01 00:00:00+00:00,4709772624.0,86871341.31309,682785.0,86871341.31309,4855620505.38562,0.0178908836093629,False,4709772624.0,86871341.31309,1000000.0,True,True,True,54.21549331241095,22.27290546865022,18.279938746580697,Onchain Capital Allocator
2025-02-02 00:00:00+00:00,4169435650.0,86044367.01308,625988.0,86044367.01308,4309979329.696751,0.019963986003416416,False,4169435650.0,86044367.01308,1000000.0,True,True,True,48.45681123281649,22.151046527867,18.270373616690378,Onchain Capital Allocator
2025-02-03 00:00:00+00:00,3872628952.0,86827503.436,1437593.0,86827503.436,4010332357.1229,0.02165094952336867,False,3872628952.0,86827503.436,1000000.0,True,True,True,44.60140852551968,22.077199429119865,18.279433989302845,Onchain Capital Allocator
2025-02-04 00:00:00+00:00,3788413149.0,86557132.23198,785048.0,86557132.23198,3926386652.81838,0.022044984329255717,False,3788413149.0,86557132.23198,1000000.0,True,True,True,43.76777570272027,22.055213074168606,18.276315242106737,Onchain Capital Allocator
2025-02-05 00:00:00+00:00,3767181822.0,86198302.80211,908292.0,86198302.80211,4141063304.11468,0.020815499902274104,False,3767181822.0,86198302.80211,1000000.0,True,True,True,43.703665844193225,22.049593031547513,18.27216104636944,Onchain Capital Allocator
2025-02-06 00:00:00+00:00,3737653874.0,85250943.51686001,629329.0,85250943.51686001,4109239449.2453504,0.020746161076720924,False,3737653874.0,85250943.51686001,1000000.0,True,True,True,43.84296196394363,22.041723945116747,18.261109741713106,Onchain Capital Allocator
2025-02-07 00:00:00+00:00,3662067887.0,83481828.24609,776762.0,83481828.24609,4032596762.0387797,0.020701754520053642,False,3662067887.0,83481828.24609,1000000.0,True,True,True,43.866646957046235,22.021293821257373,18.240139540341826,Onchain Capital Allocator
2025-02-08 00:00:00+00:00,3613715323.0,83085352.17719,610255.0,83085352.17719,3981154350.48099,0.020869663635913013,False,3613715323.0,83085352.17719,1000000.0,True,True,True,43.494012221231195,22.008002255399603,18.235378976866247,Onchain Capital Allocator
2025-02-09 00:00:00+00:00,3586285156.0,83259848.57701,666007.0,83259848.57701,3954001356.0360003,0.021057111791302062,False,3586285156.0,83259848.57701,1000000.0,True,True,True,43.073404735812325,22.00038272820936,18.237476981053135,Onchain Capital Allocator
2025-02-10 00:00:00+00:00,3643967073.0,83484132.33744,586547.0,83484132.33744,4014946725.3873596,0.020793335017262403,False,3643967073.0,83484132.33744,1000000.0,True,True,True,43.648618856948886,22.01633878035379,18.24016713987579,Onchain Capital Allocator
2025-02-11 00:00:00+00:00,3655478120.0,83566040.31597999,625260.0,83566040.31597999,4431956463.537869,0.018855338720830363,False,3655478120.0,83566040.31597999,1000000.0,True,True,True,43.74358419015551,22.01949273417843,18.241147779210703,Onchain Capital Allocator
2025-02-12 00:00:00+00:00,3720752034.0,83473616.67062,597027.0,83473616.67062,4533389087.597111,0.01841307133751111,False,3720752034.0,83473616.67062,1000000.0,True,True,True,44.57398855355436,22.03719164447737,18.240041171876147,Onchain Capital Allocator
2025-02-13 00:00:00+00:00,3762000343.0,83787343.6616,600789.0,83787343.6616,4568996783.764219,0.018338236516019353,False,3762000343.0,83787343.6616,1000000.0,True,True,True,44.89938669250517,22.048216659000154,18.24379252375492,Onchain Capital Allocator
2025-02-14 00:00:00+00:00,3811123128.0,84614102.90720999,713216.0,84614102.90720999,4627646959.84856,0.018284476677101355,False,3811123128.0,84614102.90720999,1000000.0,True,True,True,45.04122831839718,22.06118976689665,18.25361151171423,Onchain Capital Allocator
2025-02-15 00:00:00+00:00,3798921120.0,84804140.37949,714035.0,84804140.37949,4617225978.39621,0.018366902719573336,False,3798921120.0,84804140.37949,1000000.0,True,True,True,44.79641091814869,22.05798294757756,18.255854924800055,Onchain Capital Allocator
2025-02-16 00:00:00+00:00,3764737560.0,84576330.03804001,618915.0,84576330.03804001,4572871390.187311,0.01849523479263554,False,3764737560.0,84576330.03804001,1000000.0,True,True,True,44.51289809225263,22.048943990589468,18.25316499864443,Onchain Capital Allocator
2025-02-17 00:00:00+00:00,3798601892.0,84674538.73438,561493.0,84674538.73438,4617390911.90594,0.018338178497308243,False,3798601892.0,84674538.73438,1000000.0,True,True,True,44.861205608878876,22.057898912820527,18.254325509170307,Onchain Capital Allocator
2025-02-18 00:00:00+00:00,3777339300.0,84201556.77653,702449.0,84201556.77653,4588947702.003221,0.018348772364473312,False,3777339300.0,84201556.77653,1000000.0,True,True,True,44.860682445872314,22.052285709842923,18.248723968074057,Onchain Capital Allocator
2025-02-19 00:00:00+00:00,3827278769.0,83718046.15801999,683115.0,83718046.15801999,4650495686.110179,0.018001961900118307,False,3827278769.0,83718046.15801999,1000000.0,True,True,True,45.71629349514335,22.065419883433705,18.242965117453448,Onchain Capital Allocator
2025-02-20 00:00:00+00:00,3884533386.0,83838076.03088,711447.0,83838076.03088,4724660603.7762,0.01774478276045313,False,3884533386.0,83838076.03088,1000000.0,True,True,True,46.3337611012115,22.080268706988946,18.244397830168733,Onchain Capital Allocator
2025-02-21 00:00:00+00:00,3847636345.0,83418689.39554,622049.0,83418689.39554,4675020177.022929,0.01784349291272179,False,3847636345.0,83418689.39554,1000000.0,True,True,True,46.12439218213988,22.070724860346367,18.239382935695485,Onchain Capital Allocator
2025-02-22 00:00:00+00:00,3869303610.0,81270939.7431,774697.0,81270939.7431,4716621026.43435,0.017230754662631617,False,3869303610.0,81270939.7431,1000000.0,True,True,True,47.6099282502576,22.07634038205949,18.213299065885124,Onchain Capital Allocator
2025-02-23 00:00:00+00:00,3937971551.0,78932078.67981,513921.0,78932078.67981,4793314724.16858,0.01646711789689568,False,3937971551.0,78932078.67981,1000000.0,True,True,True,49.89063530145307,22.093931592911755,18.18409827707593,Onchain Capital Allocator
2025-02-24 00:00:00+00:00,3743319785.0,78222094.60594,755803.0,78222094.60594,4554809177.32516,0.01717351738802731,False,3743319785.0,78222094.60594,1000000.0,True,True,True,47.85501850669876,22.04323869769886,18.175062705326614,Onchain Capital Allocator
2025-02-25 00:00:00+00:00,3561708290.0,77976570.05833,729798.0,77976570.05833,4374473430.01684,0.017825361453396648,False,3561708290.0,77976570.05833,1000000.0,True,True,True,45.676647322852,21.993506123457493,18.171918955662033,Onchain Capital Allocator
2025-02-26 00:00:00+00:00,3412127641.0,77764928.11362,572976.0,77764928.11362,4186647542.4295297,0.018574510351184872,False,3412127641.0,77764928.11362,1000000.0,True,True,True,43.877461521145406,21.95060187531341,18.169201092055047,Onchain Capital Allocator
2025-02-27 00:00:00+00:00,3296109670.0,76975384.26221001,610086.0,76975384.26221001,4071783035.49894,0.01890458887202907,False,3296109670.0,76975384.26221001,1000000.0,True,True,True,42.820308097093566,21.91600872210513,18.158996243801482,Onchain Capital Allocator
2025-02-28 00:00:00+00:00,3214269420.0,75684545.08966,696714.0,75684545.08966,3991772105.64508,0.01896013677299576,False,3214269420.0,75684545.08966,1000000.0,True,True,True,42.469296950813444,21.89086592775529,18.142084537586122,Onchain Capital Allocator
2025-03-01 00:00:00+00:00,3177332275.0,74838410.65891,537264.0,74838410.65891,3958509872.230449,0.018905702669560806,False,3177332275.0,74838410.65891,1000000.0,True,True,True,42.45590261772505,21.8793077744262,18.13084182262556,Onchain Capital Allocator
2025-03-02 00:00:00+00:00,3393725305.0,74595784.46054,460773.0,74595784.46054,4255251679.08892,0.01753028729819137,False,3393725305.0,74595784.46054,1000000.0,True,True,True,45.494867163642844,21.94519406500863,18.12759455500547,Onchain Capital Allocator
2025-03-03 00:00:00+00:00,3305156196.0,74902771.42045,549025.0,74902771.42045,4076705743.94034,0.018373357344170914,False,3305156196.0,74902771.42045,1000000.0,True,True,True,44.125953330181105,21.91874956964769,18.13170144941105,Onchain Capital Allocator
2025-03-04 00:00:00+00:00,3137425868.0,74883615.06084,776281.0,74883615.06084,3913058339.4132104,0.0191368511699903,False,3137425868.0,74883615.06084,1000000.0,True,True,True,41.89736119778625,21.86666851339609,18.13144566702435,Onchain Capital Allocator
2025-03-05 00:00:00+00:00,3239491907.0,74526807.92855,439732.0,74526807.92855,4034034516.403721,0.01847450923523319,False,3239491907.0,74526807.92855,1000000.0,True,True,True,43.4674715990218,21.89868233562613,18.126669456590747,Onchain Capital Allocator
2025-03-06 00:00:00+00:00,3240862144.0,74560578.15146,586820.0,74560578.15146,4027159682.00713,0.018514433009594277,False,3240862144.0,74560578.15146,1000000.0,True,True,True,43.46616166812193,21.899105225181128,18.127122482488854,Onchain Capital Allocator
2025-03-07 00:00:00+00:00,3164060694.0,74759323.54888001,423128.0,74759323.54888001,3927592505.4842105,0.019034388991345567,False,3164060694.0,74759323.54888001,1000000.0,True,True,True,42.323292183499184,21.875122069347984,18.129784492207865,Onchain Capital Allocator
2025-03-08 00:00:00+00:00,3142068160.0,74865589.31515,600636.0,74865589.31515,3903721928.6149797,0.01917800260473776,False,3142068160.0,74865589.31515,1000000.0,True,True,True,41.96945738012327,21.8681470697336,18.131204921227376,Onchain Capital Allocator
2025-03-09 00:00:00+00:00,3016718364.0,74784566.6167,387246.0,74784566.6167,3731598908.32784,0.020040890903307605,False,3016718364.0,74784566.6167,1000000.0,True,True,True,40.338782458443006,21.827435443080866,18.130122093002278,Onchain Capital Allocator
2025-03-10 00:00:00+00:00,2821065693.0,74847590.99644,650669.0,74847590.99644,3509280342.9420805,0.02132847298648415,False,2821065693.0,74847590.99644,1000000.0,True,True,True,37.69080147327894,21.760380555827354,18.13096448389568,Onchain Capital Allocator
2025-03-11 00:00:00+00:00,2757897938.0,74844601.71448001,537295.0,74844601.71448001,3443644989.3908496,0.021734122403749685,False,2757897938.0,74844601.71448001,1000000.0,True,True,True,36.848321386236144,21.737734609831485,18.130924544846007,Onchain Capital Allocator
2025-03-12 00:00:00+00:00,2814959686.0,75257240.80587,514257.0,75257240.80587,3530245800.5560107,0.021317847271149517,False,2814959686.0,75257240.80587,1000000.0,True,True,True,37.404502953560794,21.75821377729875,18.136422680297912,Onchain Capital Allocator
2025-03-13 00:00:00+00:00,2821087845.0,74995442.96224,453788.0,74995442.96224,3540307784.92613,0.021183311598374156,False,2821087845.0,74995442.96224,1000000.0,True,True,True,37.616790215112275,21.760388408148227,18.132937909151124,Onchain Capital Allocator
2025-03-14 00:00:00+00:00,2761586840.0,74529910.80331,476906.0,74529910.80331,3464398987.5589094,0.02151308526268373,False,2761586840.0,74529910.80331,1000000.0,True,True,True,37.053403260981135,21.73907129348861,18.12671109006808,Onchain Capital Allocator
2025-03-15 00:00:00+00:00,2821926221.0,73896105.86239001,461661.0,73896105.86239001,3535922938.3888097,0.02089867543778026,False,2821926221.0,73896105.86239001,1000000.0,True,True,True,38.187752765416576,21.760685545811313,18.118170689839758,Onchain Capital Allocator
2025-03-16 00:00:00+00:00,2854081260.0,75059468.6593,314970.0,75059468.6593,3575245586.25039,0.020994213362002946,False,2854081260.0,75059468.6593,1000000.0,True,True,True,38.02426677112341,21.77201582791528,18.13379127276653,Onchain Capital Allocator
2025-03-17 00:00:00+00:00,2806210225.0,74471271.13218,447794.0,74471271.13218,3512586366.7847095,0.021201264070368816,False,2806210225.0,74471271.13218,1000000.0,True,True,True,37.68178228110571,21.755100735635015,18.12592398659151,Onchain Capital Allocator
2025-03-18 00:00:00+00:00,2861192160.0,74470259.66589999,503554.0,74470259.66589999,3587200055.11087,0.020759996242695845,False,2861192160.0,74470259.66589999,1000000.0,True,True,True,38.42060136269597,21.774504214085702,18.125910404533172,Onchain Capital Allocator
2025-03-19 00:00:00+00:00,2852299444.0,74107876.03865,455909.0,74107876.03865,3572587171.4213095,0.020743475941321008,False,2852299444.0,74107876.03865,1000000.0,True,True,True,38.4884791801673,21.771391328376836,18.12103237393852,Onchain Capital Allocator
2025-03-20 00:00:00+00:00,3023829633.0,74109101.52881,428230.0,74109101.52881,3742190940.4120007,0.019803666544243963,False,3023829633.0,74109101.52881,1000000.0,True,True,True,40.80240578580598,21.829789955382985,18.121048910372874,Onchain Capital Allocator
2025-03-21 00:00:00+00:00,2962399978.0,74147727.32571,460452.0,74147727.32571,3664143914.6986704,0.02023603031209207,False,2962399978.0,74147727.32571,1000000.0,True,True,True,39.9526740042485,21.809265580137264,18.12156997639152,Onchain Capital Allocator
2025-03-22 00:00:00+00:00,2949804290.0,74004316.92243999,393653.0,74004316.92243999,3651442770.54637,0.020267144132555207,False,2949804290.0,74004316.92243999,1000000.0,True,True,True,39.859894836831394,21.805004662724507,18.11963398625665,Onchain Capital Allocator
2025-03-23 00:00:00+00:00,2953318315.0,73800655.04514,521147.0,73800655.04514,3656262422.38798,0.020184725963115983,False,2953318315.0,73800655.04514,1000000.0,True,True,True,40.017508153465705,21.806195227667914,18.116878165481715,Onchain Capital Allocator
2025-03-24 00:00:00+00:00,3009898599.0,73925126.59316,451589.0,73925126.59316,3723791957.19716,0.019852109742672708,False,3009898599.0,73925126.59316,1000000.0,True,True,True,40.715501450064394,21.825172227099873,18.118563336155322,Onchain Capital Allocator
2025-03-25 00:00:00+00:00,3104283452.0,73477443.18565,457201.0,73477443.18565,3840009916.50733,0.019134701415688325,False,3104283452.0,73477443.18565,1000000.0,True,True,True,42.248114760289596,21.85604875339709,18.11248902164769,Onchain Capital Allocator
2025-03-26 00:00:00+00:00,3087337868.0,72174219.15017,299429.0,72174219.15017,3820572962.3412495,0.018890941191695394,False,3087337868.0,72174219.15017,1000000.0,True,True,True,42.776186626644346,21.85057502513302,18.094593464614015,Onchain Capital Allocator
2025-03-27 00:00:00+00:00,3029154335.0,72185903.74643001,596246.0,72185903.74643001,3755182566.40758,0.01922300779519413,False,3029154335.0,72185903.74643001,1000000.0,True,True,True,41.96323905066865,21.831549320153037,18.094755345832333,Onchain Capital Allocator
2025-03-28 00:00:00+00:00,3046029473.0,71867541.3329,434544.0,71867541.3329,3777553128.9441795,0.019024892272788994,False,3046029473.0,71867541.3329,1000000.0,True,True,True,42.383938792206436,21.837104767341053,18.09033527893737,Onchain Capital Allocator
2025-03-29 00:00:00+00:00,2899807340.0,71567819.01719001,475663.0,71567819.01719001,3607851662.23338,0.019836685572845077,False,2899807340.0,71567819.01719001,1000000.0,True,True,True,40.518313675361405,21.787910137249213,18.08615607582849,Onchain Capital Allocator
2025-03-30 00:00:00+00:00,2806799727.0,71402856.299,413357.0,71402856.299,3499507977.44769,0.020403684391963158,False,2806799727.0,71402856.299,1000000.0,True,True,True,39.309348007683404,21.755310784078617,18.08384843069734,Onchain Capital Allocator
2025-03-31 00:00:00+00:00,2783625551.0,71439772.97648,404200.0,71439772.97648,3475271907.1679497,0.02055659956538403,False,2783625551.0,71439772.97648,1000000.0,True,True,True,38.96464721292505,21.747020070013406,18.08436531670664,Onchain Capital Allocator
2025-04-01 00:00:00+00:00,2806118868.0,74120382.42486,471165.0,74120382.42486,3509271116.1735897,0.02112130410308075,False,2806118868.0,74120382.42486,1000000.0,True,True,True,37.85893672155187,21.75506817981069,18.12120111890482,Onchain Capital Allocator
2025-04-02 00:00:00+00:00,2968611334.0,98803860.49002,397984.0,98803860.49002,3678587405.134351,0.026859185227491273,False,2968611334.0,98803860.49002,1000000.0,True,True,True,30.045499429648842,21.81136011610898,18.408647235740364,Onchain Capital Allocator
2025-04-03 00:00:00+00:00,4270863869.0,135462902.06809,641953.0,135462902.06809,5065808668.40677,0.026740627397341867,False,4270863869.0,135462902.06809,1000000.0,True,True,True,31.527922433355695,22.175081954966004,18.724208375322593,Onchain Capital Allocator
2025-04-04 00:00:00+00:00,4330210647.0,138566451.85027,459558.0,138566451.85027,5134650529.167029,0.02698653999199221,False,4330210647.0,138566451.85027,1000000.0,True,True,True,31.250065143322512,22.18888202604542,18.746860565278862,Onchain Capital Allocator
2025-04-05 00:00:00+00:00,4235806964.0,107825396.66654,545295.0,107825396.66654,5038438537.288789,0.02140055810317802,False,4235806964.0,107825396.66654,1000000.0,True,True,True,39.283945108958186,22.166839693297824,18.496023779290766,Onchain Capital Allocator
2025-04-06 00:00:00+00:00,4282852482.0,148214147.52885,353043.0,148214147.52885,5079860680.9364605,0.02917681346755499,False,4282852482.0,148214147.52885,1000000.0,True,True,True,28.89638103654268,22.177885092306116,18.81416872867791,Onchain Capital Allocator
2025-04-07 00:00:00+00:00,3994847046.0,152978986.96578002,760689.0,152978986.96578002,4718021609.478459,0.03242439302491679,False,3994847046.0,152978986.96578002,1000000.0,True,True,True,26.11369786945713,22.10827112907376,18.845811129831755,Onchain Capital Allocator
2025-04-08 00:00:00+00:00,4034648277.0,152827697.58093,511283.0,152827697.58093,4771974523.56598,0.03202609251709198,False,4034648277.0,152827697.58093,1000000.0,True,True,True,26.399980768299212,22.11818496683923,18.84482168516074,Onchain Capital Allocator
2025-04-09 00:00:00+00:00,3930747913.0,156324909.65588,478828.0,156324909.65588,4626405684.605,0.033789710698323025,False,3930747913.0,156324909.65588,1000000.0,True,True,True,25.14473171072227,22.092095553372587,18.867447153492506,Onchain Capital Allocator
2025-04-10 00:00:00+00:00,4428110681.0,157758829.13498998,467047.0,157758829.13498998,5171926937.371661,0.030502911399433258,False,4428110681.0,157758829.13498998,1000000.0,True,True,True,28.0688612186072,22.211238847189538,18.87657802697938,Onchain Capital Allocator
2025-04-11 00:00:00+00:00,4428678165.0,156179261.32257,431543.0,156179261.32257,5141110843.71192,0.03037850497107886,False,4428678165.0,156179261.32257,1000000.0,True,True,True,28.35637796911514,22.211366993859993,18.86651501653318,Onchain Capital Allocator
2025-04-12 00:00:00+00:00,4669522411.0,161300207.04860002,439452.0,161300207.04860002,5408832300.759891,0.02982163211566734,False,4669522411.0,161300207.04860002,1000000.0,True,True,True,28.949264830100716,22.264322635945724,18.898777826718916,Onchain Capital Allocator
2025-04-13 00:00:00+00:00,4761665724.0,159990129.99255002,326182.0,159990129.99255002,5519490306.61339,0.0289863956823788,False,4761665724.0,159990129.99255002,1000000.0,True,True,True,29.762246734981264,22.28386338599112,18.890622683748784,Onchain Capital Allocator
2025-04-14 00:00:00+00:00,4719293121.0,160081025.52589,437485.0,160081025.52589,5467620231.67878,0.029278007385808994,False,4719293121.0,160081025.52589,1000000.0,True,True,True,29.48065272255984,22.274924862828353,18.891190654552876,Onchain Capital Allocator
2025-04-15 00:00:00+00:00,4788852104.0,162460387.57163,421059.0,162460387.57163,5541645118.592501,0.029316274155948233,False,4788852104.0,162460387.57163,1000000.0,True,True,True,29.477044685053205,22.28955657539109,18.905944761227655,Onchain Capital Allocator
2025-04-16 00:00:00+00:00,4787634320.0,163795387.37008,403356.0,163795387.37008,5539087759.37496,0.02957082366006112,False,4787634320.0,163795387.37008,1000000.0,True,True,True,29.229359854821787,22.28930224745647,18.914128568852917,Onchain Capital Allocator
2025-04-17 00:00:00+00:00,4836877453.0,165537756.14665,503052.0,165537756.14665,5587842286.11982,0.029624629270200625,False,4836877453.0,165537756.14665,1000000.0,True,True,True,29.219179754466452,22.299535195134496,18.924709860579444,Onchain Capital Allocator
2025-04-18 00:00:00+00:00,4873116721.0,168964992.57336998,140521.0,168964992.57336998,5637698047.875941,0.02997056442869075,False,4873116721.0,168964992.57336998,1000000.0,True,True,True,28.840984435778537,22.306999553116857,18.94520210689368,Onchain Capital Allocator
2025-04-19 00:00:00+00:00,4867238461.0,169051946.79178,613573.0,169051946.79178,5625887096.2458,0.03004894053145676,False,4867238461.0,169051946.79178,1000000.0,True,True,True,28.791377759138975,22.30579256207725,18.945716603122726,Onchain Capital Allocator
2025-04-20 00:00:00+00:00,4901997887.0,172627745.39919,368216.0,172627745.39919,5672429018.670781,0.03043277312611341,False,4901997887.0,172627745.39919,1000000.0,True,True,True,28.396350051751302,22.31290869100369,18.96664807340037,Onchain Capital Allocator
2025-04-21 00:00:00+00:00,4861370302.0,174023344.12789,390923.0,174023344.12789,5624894097.43088,0.03093806587529774,False,4861370302.0,174023344.12789,1000000.0,True,True,True,27.93516195406159,22.304586190260967,18.974700009834475,Onchain Capital Allocator
2025-04-22 00:00:00+00:00,4904421390.0,173450068.76281,539826.0,173450068.76281,5684817722.020411,0.03051110470806178,False,4904421390.0,173450068.76281,1000000.0,True,True,True,28.275695852889587,22.313402959702767,18.971400327821637,Onchain Capital Allocator
2025-04-23 00:00:00+00:00,5244863841.0,174324342.13705,441173.0,174324342.13705,6084013965.329359,0.02865285042579828,False,5244863841.0,174324342.13705,1000000.0,True,True,True,30.08681275777655,22.3805151186865,18.97642815729139,Onchain Capital Allocator
2025-04-24 00:00:00+00:00,5293775424.0,177529941.79809,473323.0,177529941.79809,6146265545.282229,0.028884196507643414,False,5293775424.0,177529941.79809,1000000.0,True,True,True,29.819056832794804,22.389797518997735,18.994649838840253,Onchain Capital Allocator
2025-04-25 00:00:00+00:00,5176821744.0,174089667.34968,405924.0,174089667.34968,6011478696.29739,0.02895954159446758,False,5176821744.0,174089667.34968,1000000.0,True,True,True,29.736524992041783,22.367457141976672,18.975081054037968,Onchain Capital Allocator
2025-04-26 00:00:00+00:00,5120460294.0,174492430.38172,567856.0,174492430.38172,5966931405.5313,0.029243243892491687,False,5120460294.0,174492430.38172,1000000.0,True,True,True,29.344884948868387,22.356510173128836,18.977391919764546,Onchain Capital Allocator
2025-04-27 00:00:00+00:00,5149652365.0,174564041.23669,455790.0,174564041.23669,5996117428.687869,0.029112845656008086,False,5149652365.0,174564041.23669,1000000.0,True,True,True,29.500075322028245,22.36219504740195,18.977802230770344,Onchain Capital Allocator
2025-04-28 00:00:00+00:00,5111161359.0,176894964.14766002,431462.0,176894964.14766002,5955072073.67473,0.02970492413175823,False,5111161359.0,176894964.14766002,1000000.0,True,True,True,28.893764068566398,22.354692487159657,18.99106669149847,Onchain Capital Allocator
2025-04-29 00:00:00+00:00,4997637519.0,178623397.19731998,476583.0,178623397.19731998,5845199832.909,0.030558988965895435,False,4997637519.0,178623397.19731998,1000000.0,True,True,True,27.978627645734772,22.332231141519006,19.00079022117094,Onchain Capital Allocator
2025-04-30 00:00:00+00:00,4920454313.0,179600433.69118002,450997.0,179600433.69118002,5764675115.76392,0.03115534355094005,False,4920454313.0,179600433.69118002,1000000.0,True,True,True,27.396672780092725,22.3166667032282,19.00624512859104,Onchain Capital Allocator
2025-05-01 00:00:00+00:00,5076094129.0,179200324.66281998,459465.0,179200324.66281998,5919156363.365552,0.030274639435429462,False,5076094129.0,179200324.66281998,1000000.0,True,True,True,28.32636681072473,22.347807930558847,19.00401487023795,Onchain Capital Allocator
